batch_id,payload
1,"03327/013257/0008535/4970/5967/10099/018662/16175/04220/14522/3602/18269/11150/19052/13472/0010839/10615/18891/00595/19908/6957/4881/0017322/15270/1324/15038/019254/15392/019625/873/014913/000497/14064/0015278/001880/17241/002680/0010883/010526/5283/5708/18701/2270/016164/7522/0014336/0002584/11511/002435/14495/15126/17452/3690/19384/5393/3505/00243/0003543/0010047/0017889/0007594/17419/14888/11834/019395/6440/10485/0010877/014150/4479/7903/2335/18612/010253/009053/16140/010356/12518/5420/3274/17794/8717/5511/2956/015260/7101/02796/11893/010203/901/0010559/4753/19552/10760/0834/0005077/12708/10726/03961/015545/6105/08727/1340/7743/13204/0011455/005743/17424/018674/0003428/11944/9310/0014845/7177/19321/17594/13299/06196/008948/005703"
2,"5598/810/006959/017317/8229/13433/720/12409/0012922/009270/009864/9773/0014976/17160/0014785/9371/13084/0015732/10317/015112/4571/000645/14917/018323/0017628/7205/0019997/09664/03067/3593/0014898/0011449/7096/0012704/11043/850/05157/1949/15555/9303/10170/13393/16463/004238/0016645/02571/004857/0002941/010761/18597/13866/4745/0015711/010189/13647/10216/0011532/0019811/0016151/6262/3785/674/10024/7010/19786/0003812/016694/1223/9076/07289/008526/11529/017612/3111/19864/1733/54/15541/014674/5514/0018671/18280/17583/1029/15486/4103/5647/13718/5084/010688/17235/18100/0009422/9136/6710/310/018347/013469/19674/0018310/05530/0001420/0012778/03254/0015502/8810/3720/0018042/18306/15934/0012997/18207/012265/6952/4419/0018157/015600/18557/0011632/1090"
3,"11811/017143/18934/17302/5857/18746/10444/232/0015310/5297/07381/6339/007824/5629/0012819/0014514/10746/0019462/7406/6960/9241/4653/5705/17976/15152/07292/010817/019386/6077/0015285/15933/18501/0139/9565/14508/12295/9492/9499/6132/0013489/019720/483/3030/0019248/15018/5377/13032/4228/7814/16136/11586/018576/05891/19963/06154/0002739/3994/001641/3070/009084/006485/11159/4677/0016650/0001378/009716/14802/1791/8040/1680/10567/010967/12642/010234/15304/2690/11052/12165/18493/7054/11401/9093/14562/0012820/2210/0503/8908/11538/13760/00925/011535/17486/18638/19599/0003735/006990/0017488/6760/250/7532/8042/03684/3394/8556/15749/012042/6295/9747/14075/006634/12206/10577/011935/0016764/4861/0191/11234/0009090/0814/6591"
4,"0016853/7504/0003880/0011058/15049/2384/8097/11188/016686/4000/0011198/07322/4648/010795/011307/01402/11990/16966/0016938/11498/11830/5577/17958/3243/8756/5572/06383/17357/05160/04751/5403/0014767/03265/19288/8272/8476/13070/0013692/03841/0007210/3287/19312/6932/0013300/14207/4763/4702/2061/2627/5241/000129/09290/5825/0018573/5034/0019521/016931/19465/5630/06435/16130/18411/019792/0019991/1801/01732/0008435/7214/004819/003975/11294/0028/8554/13345/05859/5567/014690/006558/015609/015408/19546/7607/004290/15401/14367/0012929/7454/010131/15763/11314/808/012195/017725/0319/012296/00655/18404/008187/6778/14533/18460/007592/8069/0004361/007721/02809/15067/7456/005146/012881/8809/1312/02222/000685/017723/13596/19350/0016195/018548/14177"
5,"15163/13137/0005951/16307/006663/0014176/3716/0218/8364/11884/0016030/007246/8389/0014260/0008177/0019466/13363/012694/16304/18659/10423/012866/14212/17063/0017758/0008003/14188/17096/0013339/14289/009936/4042/16107/16630/8957/8486/147/17389/02816/10109/0003253/07229/6230/8755/13854/14434/003331/015548/007990/3057/8072/9945/9805/0016755/0013860/11273/0011825/0013349/0019563/0016991/0017558/7518/5195/02670/3779/15182/4795/18034/0019582/02214/2062/02633/1450/02983/8002/08822/009279/11030/09425/006706/017148/7185/019334/0275/04519/14590/07858/08106/0014595/11761/0002068/0013102/5520/4568/001356/12830/06303/0005748/5995/002839/0010145/1865/0001303/9635/06420/0016736/07053/012578/11051/4817/0018913/015165/11490/3413/12335/16309/006755/014428/0014040/019965"
6,"016025/019104/12053/0013953/06301/10537/13202/9882/16363/18007/012951/10399/017035/15464/865/0011460/0011632/13125/16289/3837/2057/17015/2553/0013969/03956/5348/018708/8951/003312/010015/5843/0015266/013237/8767/9145/0007950/6559/05102/4725/01592/0012846/19907/5749/1409/8676/9512/0017478/0008005/8575/16365/13794/0010185/0008390/4781/6014/1643/8094/3306/0017120/1166/921/0018318/11606/11513/2645/8124/5419/8081/5918/2994/019833/0581/10471/0001873/9558/13187/713/15876/6700/15363/002014/0005673/6423/11677/010313/5313/0010372/0006276/10262/16985/12044/8746/0002579/0013793/0480/11552/17101/10165/7142/008453/0003182/018765/10696/6395/14714/10958/8034/0015311/12981/15503/11270/14535/14272/13905/8678/03943/11439/06285/0682/4150"
7,"562/924/03/0801/5241/102/07/59/568/4591/2071/159/0841/6811/18944/13206/4874/7413/0019031/4546/014846/1241/016501/15809/4418/10885/03957/0001795/0015755/11239/0013490/9642/0018641/11634/2119/014036/12375/6146/1927/9442/8065/0019/13861/17627/15427/12157/0016433/00309/02845/7394/010524/568/12324/03454/0009582/12051/14792/0014594/7840/13284/011383/13533/12513/6197/18709/16173/010705/2145/8348/007886/14570/016401/14379/000289/0010921/002715/015863/4958/04261/277/010342/9764/13015/02338/18976/13913/0015982/4983/007746/012923/398/019746/08502/14093/017907/0017943/3608/02408/002963/10257/7853/14645/4066/10944/008709/04260/11918/002551/013365/0012347/9029/13978/9165/0016396/10642/6063/3890/993/012640/0012434"
8,"009686/14421/12116/07651/003864/6270/013532/005713/0010190/015937/15819/17186/16579/0013694/0009354/14263/1887/6824/1149/09297/0017656/008062/08855/0018788/2754/16709/13055/14823/04300/0002246/03133/016466/15335/9915/03590/002794/04672/05054/8823/8729/04004/005289/0016687/6090/03865/8689/17448/009860/6185/16512/16379/753/15685/0013990/18312/0853/13282/08961/1437/0015120/485/13046/05355/19486/0421/012273/006822/12551/2345/414/005226/06208/0007513/2316/2172/15619/4374/15807/0010539/01289/0012719/0016632/08933/6240/019198/0011337/0008023/0018609/0016295/14852/8661/16920/16863/7442/12448/0003221/01333/08573/0015512/02707/0005138/005966/09630/09060/11348/0017480/12836/019848/0001398/12572/0004398/19522/09122/19089/6376/0002071/5246/13799/6302/10947"
9,"0011870/08331/7351/13243/0012118/1963/2638/011208/0018078/004331/0005808/05575/10212/0016715/6876/0011331/18577/18130/5381/009666/14509/1829/013166/15407/3822/8408/9458/011726/0013619/13873/7042/9047/006362/0011547/16091/0013126/17842/0011026/009355/0016052/5793/13516/19981/0018039/02644/11764/1863/18161/10629/4518/0014786/02934/010126/016065/014287/001878/0018787/003062/002025/13158/0017372/11329/7176/2041/18834/18011/1315/06925/6832/0018580/12780/19414/008107/03929/002937/018783/000516/14275/15365/19710/13602/08046/5426/17280/12804/1862/19475/17333/7428/0019583/0006475/0018884/13571/015463/019048/5965/14341/012579/0015232/017739/0928/2216/16267/0005064/0019666/06442/0005350/7506/007871/18372/14230/11960/017517/11691/010626/1469/19296/006310/08366/6762"
10,"10954/13916/14607/4903/00533/0011318/11914/4458/761/017345/013389/793/18433/0008761/011623/24/03833/05412/5580/2331/17939/1079/7401/13330/1167/03262/0000547/13627/017467/0012685/9081/13377/14498/1729/1856/007006/12026/18129/9541/17/19116/937/019975/09886/005001/03495/7473/1642/13412/12783/0015411/16184/002254/0014008/04664/364/11128/19179/0016583/16457/15656/0007035/013986/011650/9069/9150/004733/17376/4775/11326/02612/3395/17149/13016/13326/00397/004183/011549/019553/013175/0010493/07546/6474/19450/14526/18798/13417/14666/0009645/09540/16288/012280/017963/0019487/10693/0019658/012128/017449/012430/13926/10977/002157/6216/5533/9657/8537/011200/001612/6490/8217/10130/003984/3016/10236/6811/013418/4059/017903/15034/6183"
11,"0015744/10912/008504/1091/4030/16532/0015119/9769/018685/0418/09158/009189/0014366/15417/19828/012058/003469/017970/15428/1586/0002600/6400/0004846/12102/0012120/9483/015132/0012747/2564/0015595/005303/17473/0004964/10115/003639/1649/16854/7019/006757/14864/13395/002163/4268/017778/17707/017189/16292/8087/2691/18416/13909/15215/12354/0016829/19699/7926/12327/0015147/001359/013266/17067/5852/0012301/01966/10762/16786/9434/10135/07879/011309/15059/16507/4914/4392/19614/5606/0014756/13067/0015116/7171/784/009913/018627/0014725/006013/3775/017097/5268/8886/001635/007433/0003014/2851/18469/01414/4371/0012707/13410/09880/13640/0013394/35/4428/15339/0016186/0004043/3931/0003548/0011001/4153/9233/16270/10740/15774/09020/010561/12641/9004/003145/7539"
12,"00110/07505/8753/0003020/011278/05471/5353/005261/3512/18545/10880/0016530/16117/015892/013014/0013322/9938/06884/16100/14364/1975/0007294/7829/11219/1956/5038/004806/0006284/16791/18015/15138/014142/3230/11777/2922/6385/012986/2652/007073/12351/006282/15170/07252/03208/9021/14086/008921/0001449/7074/13531/2702/4076/13246/0008795/0015421/08844/13273/12817/05789/0017287/001039/9640/3513/01100/010324/1663/010774/6560/0018070/004927/0018738/0586/17576/11676/13212/8123/10741/02807/1492/18263/8790/6522/12533/0015240/0017118/15636/4381/0016851/0012737/0013778/0012164/5375/2818/614/0010192/07305/7737/0017652/0007782/14394/13424/18666/6343/015223/8692/0015484/010886/0015612/14712/12736/0013851/3117/13268/0011367/3350/4397/0008973/17824/0011138/0018796"
13,"1211/3418/11121/14338/02721/16146/0006089/2122/0006642/0009019/0017817/1209/17216/14009/004782/8306/019916/9804/02798/16637/15341/06973/19260/18357/05496/12495/10292/15981/11736/12813/12670/6022/14024/1225/16752/0019914/9005/019953/4880/004197/17556/7273/013119/009002/17275/9418/07925/0014726/16834/002369/10751/1972/08513/4129/9928/385/3093/0007335/0016421/0019202/0016244/07583/4860/0012918/017626/0005525/19427/0006902/15073/0010671/0007217/01407/3266/7116/01157/018018/007245/859/0002349/12066/16291/009511/003711/1352/03827/009309/11495/004684/8801/01037/9266/07875/11040/4506/12980/3634/17456/0017769/0019768/012733/8454/13572/011248/0015994/8436/0010179/0011888/04315/9389/02218/019957/8009/04735/07066/10590/16079/3656/0013989/018866/13824"
14,"0287/04853/9276/0017745/0010978/0017606/19884/15199/13956/02065/017052/0014136/17335/17658/14357/13317/12094/3559/0019937/14388/13347/017170/2307/16038/012637/07357/12287/6041/9036/331/2621/05507/0002602/005119/006513/7865/15686/0017058/260/17036/12172/019037/017481/3415/10197/0011151/06826/6651/18397/08236/17830/10284/4494/3319/0417/17342/11005/16239/2868/01097/8265/01421/13853/0963/010078/13577/0017217/6390/1436/2900/0016343/5499/8305/17125/8969/9943/15862/013171/001637/19498/9199/0010029/0000895/3128/17860/3347/14525/3199/16855/017055/9529/0012619/13856/01755/3069/02187/19357/8455/01734/6028/0011678/19425/0012896/0016386/3897/13255/6250/7435/549/008978/13331/19418/0017298/16937/004937/3440/013512/08074/0001935/10829"
15,"0015176/9822/14309/7593/006749/09685/13078/18115/015842/4891/10261/09381/0002191/000982/016372/019709/4370/18644/19090/11855/10780/15050/012531/11425/007666/0013813/0017407/649/12825/8121/11467/0012163/04159/006046/6287/0009723/01010/8646/11851/0001820/019087/10964/3307/0588/013075/5173/01569/13420/0016333/016319/16883/06487/14155/12004/15647/012025/4141/454/13589/0031/008684/007936/0006330/0653/5850/3844/13529/14246/0006941/9153/0019778/9761/12266/19996/09230/08754/0016043/13928/6524/5045/007098/0018293/18059/17066/06393/0015279/0004606/14152/09416/08368/0011826/7806/004675/011144/578/114/151/02235/001236/4612/0019881/0009200/001675/04441/05826/13792/8619/13111/18285/7120/10240/08197/6532/12213/8800/12463/8649/564/3175/0017240"
16,"2148/08356/19219/15972/11126/0016228/11292/918/010887/14550/5099/008570/115/0004248/06596/19042/1176/019432/5974/0008665/007809/14819/5266/3569/19802/16675/2449/18330/011896/0003882/10585/08523/0004471/0018804/0015889/015068/0011060/3733/0019661/14706/013618/14447/12429/00881/012411/0003282/09396/016202/0013847/12073/0014126/10158/0015396/2154/17288/06009/15888/10558/19722/5733/019187/14732/002857/04348/7485/07800/10025/05882/14346/0001962/003751/15611/1247/1115/8794/0018598/3417/014727/09367/01314/0017113/007637/000097/3466/16347/3392/019191/017675/016083/4156/003207/13240/15764/14191/04953/10826/0014189/18391/12476/1087/06645/001105/3806/10748/17995/0018821/001403/2051/19156/10491/0003550/0004501/6899/3910/2407/14273/11970/7203/15501/0010263"
17,"6849/07374/12432/02573/0012483/5815/00305/9103/6993/07396/019875/7999/5081/3388/1716/8758/9578/5946/0012982/2837/0012236/0004952/2396/002257/11788/11349/17935/009432/13675/0294/5399/0011980/7747/2681/016728/5922/13562/08512/012759/0012624/16360/2087/006053/7141/5782/0010525/19868/2252/017701/11444/017827/1140/14231/0016508/04701/018571/0018961/0003186/6547/7134/0017338/2469/016918/2833/14404/04095/000591/3326/0006369/014291/2514/1721/17587/15973/7856/05544/11723/0012920/002506/01057/11781/012687/1099/0017198/9952/9504/0011905/0015249/18067/13491/0018354/19989/014911/5726/17279/14500/12506/1688/6257/9839/6630/8771/016528/03342/0018828/12622/15004/542/14459/609/3112/6947/0010595/01575/012446/9894/010552/0012275/07723/8359"
18,"5032/1339/16977/4013/12554/03091/14164/16284/01483/007929/9890/014731/12121/1185/11020/12514/0005909/15813/298/002295/0017427/09149/742/0019751/14870/3706/5766/5879/003859/006503/19524/07216/010871/07476/16246/09481/14108/09648/17098/01785/14003/01639/09546/7591/9382/0019764/19795/004552/0019472/019511/883/009391/002869/828/19820/014744/11388/0014978/12112/014393/09426/13716/5649/2732/4941/019207/008612/0013446/0013676/0015081/00370/02588/006926/03195/3878/2088/9351/307/15439/0013139/15288/0019572/0009468/1282/17103/001077/0019340/015529/019964/188/16976/17192/6588/09264/0004422/8480/15875/17851/0008328/15145/2723/0019788/004807/015793/01773/016063/3229/8858/0015033/0003511/531/1306/3854/13176/2482/0015542/4977/7390/0014007/0014292"
19,"11399/3823/19489/16016/5346/7317/004599/17263/0014593/007225/013991/12305/7088/11583/14171/06943/18718/7670/11579/2323/007334/9402/019976/15224/3110/10679/04570/1636/12544/85/015419/14333/1153/13811/1788/204/2352/011355/12440/1441/6897/0014919/1807/02931/16172/011961/0012921/16698/0011099/15631/014737/10140/8358/6752/6492/08376/8679/12821/004466/17387/9709/012338/0019009/4185/016279/0011479/8721/0011793/4003/19556/010942/7383/0003308/1892/07843/04924/012049/015045/014427/03345/006410/0018500/2198/8728/015782/004436/07894/3146/0014015/12288/14827/0015087/16147/004490/8407/15308/15632/0012171/8010/10869/0491/17336/09032/000449/010673/2083/207/181/3109/585/0013560/0001007/007340/0010139/8718/1011/0016428/017680/6515/4870"
20,"13265/16693/2281/018186/752/014243/011989/02195/17119/013915/016852/0017799/0005457/0515/12491/6652/6574/07497/0018735/19079/9824/0010898/0017906/8815/6124/12663/2560/003914/11585/0010250/13290/18083/0009399/0004438/12377/1174/18008/17650/0018094/14117/014796/010893/0007249/0018650/14433/0006678/17785/14071/4587/4088/6945/010254/007877/003869/19808/004895/08616/11582/1849/0002835/3138/07105/10584/02711/014255/015373/009285/004625/0002873/17191/017414/01195/014401/016128/017821/5468/005269/7114/05913/0010037/16989/018681/295/17269/18904/9919/016518/2658/19855/16776/12589/08313/0009177/10/0012122/14556/0010919/001984/9566/2470/19396/6863/17955/18331/3667/002820/0019882/18885/008466/012141/0018839/19091/6498/9500/3341/0016880/19514/15603/858/15431"
21,"0019690/6976/0018019/07799/6543/000120/14232/9142/132/7013/02312/018472/17350/02811/19062/0344/972/12957/011182/0013468/012256/636/18243/2452/11737/8014/0010251/005655/012299/0016867/17547/1220/12987/17396/16139/12235/4748/18600/10610/4791/9697/6708/4309/01181/0011489/018797/0012705/7789/17327/8026/007841/3034/008703/5714/15089/0018254/08316/1319/11763/3060/11282/12071/18368/0018097/015879/003324/5474/005203/6051/10918/5565/0016885/015019/16317/5344/008314/18745/9719/12618/7817/011493/15735/17033/17797/06463/16903/019381/0012138/04641/03053/09929/0017765/0010953/014146/013103/14262/8943/10375/016334/14869/5137/1890/004851/16954/09304/13476/0013223/09328/00868/11516/2928/16320/03564/09100/0017910/004145/08470/08035/1842/0019433"
22,"009766/4656/015526/07243/0018725/8424/017188/12604/002359/3803/0009536/18238/4757/0019287/11616/0010956/00448/12108/006584/0002499/19515/007653/08708/12362/005306/4690/015216/19337/18016/0006968/19897/03810/14489/015786/0001567/16839/011441/091/018322/001929/11539/04091/0773/0017064/11243/18252/17972/1160/5846/19610/7617/6711/8037/05337/03496/6918/8215/15801/4295/7739/5424/0002860/17383/012882/0018622/0015446/003971/009714/018265/13879/14877/0011480/10065/12848/9854/15844/0010895/0803/5704/003054/10744/13259/0013987/13098/12608/021/6903/0017581/18608/09473/2697/7186/0019903/19295/2725/3739/206/0019204/10820/005817/0018284/06512/2141/0008639/14826/001736/4707/007544/19809/0017401/18535/621/7286/9330/0016797/8893/08276/17690/15307/16153"
23,"19422/011010/004109/014089/10429/003257/17944/0010141/15228/7509/0005463/15708/3170/13372/11916/013316/19631/1361/4699/14111/6664/0001948/00334/19272/3683/13181/6928/0012636/11501/0017940/5562/010110/0005812/0013528/17284/7338/2742/8076/0001455/17856/17648/15748/7613/12505/15482/7895/4206/1396/00869/1652/018556/0013931/10238/11027/16732/6889/05327/05048/03903/15252/16640/913/01367/16534/006462/11732/9105/7937/9242/15286/18222/08351/018631/0006742/0011779/0019320/11296/07436/014085/9971/0000813/0008524/19715/06373/2135/003792/13552/18170/701/014438/11084/3825/010477/18407/195/04218/0019166/014168/12847/004416/14961/1170/0015303/0017332/318/15380/8859/8683/4293/13074/4604/015987/012201/15699/11154/018240/15370/0019139/011116/018697"
24,"14006/016516/14627/5589/03362/013058/0011504/5810/13066/0000998/18064/7732/13082/0014301/16274/0018924/5759/6399/2493/000336/14684/15970/3575/11286/2554/0007058/0008192/0010301/0018410/9599/006514/007411/007474/015053/018232/013608/0011407/13985/6010/0008196/11445/11081/0012999/19576/7924/010747/005543/1093/8307/5691/19201/11640/1145/17553/8589/0013135/6448/0002130/07575/6299/06188/8527/6809/14284/0007703/04266/06404/18578/0019478/0019623/11044/02504/8397/08323/14759/0009302/1662/0018374/12998/11742/0001914/0001653/0013484/7244/0014676/4854/009141/520/5498/018560/013791/011778/08253/01996/19110/8186/0000200/11959/9639/0013662/17878/0013959/007568/6911/13325/011530/2230/011589/9334/15958/19242/1774/0018736/3236/011817/04265/006666/13780/0001053/3670"
25,"2511/19307/007759/0014681/4721/7104/3017/00215/010341/2159/002085/0018286/1825/015651/18384/430/4752/13762/0015990/18507/019785/5308/3009/000062/09673/4808/010210/18642/19889/16587/0010442/06949/0951/0011943/605/014821/9373/16745/17855/008934/0016225/0016417/07234/15345/15759/1593/14626/19575/10449/0001388/018729/11653/6609/10765/03222/06679/6611/13625/79/19844/018040/17249/16424/15250/001843/2176/000661/010311/0014747/004985/13626/19101/10107/14410/12175/018699/0016889/1268/0011934/018843/15487/19442/12186/9420/17841/13033/001326/19924/06646/1933/465/4947/1292/0008370/9763/282/17093/12169/19528/17359/13574/08421/9954/17349/0382/1086/011216/009176/11258/03142/3064/0012555/16033/6998/4619/15803/04200/02526/770/0018289"
26,"3902/11447/956/12785/1365/8533/0015495/3621/06839/0019128/9906/276/7827/0015829/2300/0017908/15692/0018808/9457/001325/12187/12484/10689/7645/05068/0017771/4928/08166/11845/12481/9720/6586/18033/6963/0005007/187/009202/9027/1033/18815/18980/0001747/018730/11963/74/16158/18564/11869/8180/12754/02926/0019561/13465/9206/01875/15909/13957/09559/015549/0005925/9034/05029/011078/0011039/0012189/5134/11873/005559/18103/15918/2766/018869/12479/0001067/14236/009937/0019470/18728/0010940/5153/18829/006995/180/06682/19488/3836/03120/5700/10796/0014443/15521/14099/1009/007675/015130/15925/1480/9573/007087/0017367/0015014/0012439/9058/7741/003419/0001481/0010155/15579/0010667/10665/0004805/1345/0010548/8291/10068/19639/008838/519/1273/7507"
27,"06695/03870/0019253/0003939/17890/00316/0015097/7726/512/1432/015214/04122/000687/015563/11496/7424/018356/01799/0016373/4754/0013167/0009505/0002959/017044/016018/011434/0017575/9972/320/007434/0017459/017445/9496/17904/002442/0009209/019909/5597/2306/11859/19985/0017165/0010206/008696/4164/12612/9482/2351/12254/0013869/10808/16533/10732/9658/011140/017214/11202/0014812/19351/0013310/15481/10859/006236/016783/0015519/0011261/0012654/4016/19315/004526/0008375/15409/16901/1672/0002667/18155/8154/0002879/0016315/0009862/001331/015903/11864/17123/012003/19748/014068/6526/006160/3824/13292/89/008551/5087/007640/08569/12452/017180/0012160/15236/04356/11519/0017679/002650/017618/013095/09987/7682/2539/9574/002568/19088/0014774/10013/012109/1819/15940/13087/0010422/019078"
28,"0018879/16081/017993/0018328/11721/07986/19783/6985/19529/05026/10051/007769/5694/0010293/0019943/00247/9776/07051/0007836/9847/8288/5334/9249/652/0015790/0016717/0017716/0014327/17743/1020/01621/0014055/012282/4259/1853/0007188/12321/2774/18986/17783/3488/01348/14837/9700/014840/12695/9238/7898/0015989/10182/0018669/11611/16211/003023/11262/10071/0011155/14569/00984/9784/11947/10581/7238/006929/0006734/10433/004609/0016109/5777/11576/010535/15624/6323/008443/17688/5052/002305/0010638/10516/13267/00759/15948/2269/86/001823/18526/16249/18876/014537/15969/0638/15845/16434/0019730/010095/0019773/17773/014933/0015418/1770/2366/16904/14175/10335/3965/15353/0018486/15374/17551/16702/5889/018320/003846/8506/0018712/0008258/007346/0016906/13129/10736"
29,"8326/17056/000134/06713/0012428/06542/0010864/016647/1901/013828/0003737/18824/010340/6724/17927/4513/0005475/001676/007130/532/4946/006988/017956/18262/13043/0197/06958/0011021/03913/004018/14579/0014646/12247/16941/7765/18770/1111/0945/1151/04052/0010266/016036/0016405/3217/11783/018133/19621/0012422/0014780/1424/0002542/16940/0019775/2980/4420/0006329/16831/007753/0019443/18583/2694/0358/014736/3024/07608/5763/0014440/018795/13863/008471/0019942/9436/12948/014110/04645/9973/0005690/011372/7256/12541/003135/07977/12216/9961/019402/1317/0008230/14776/0017867/7951/010354/3728/19873/04961/18298/14216/0004665/0002985/0019314/6587/012697/6070/18163/1767/02441/11615/0010001/015259/162/12359/0014435/0017307/711/696/18196/019948/006411/335/16691/0004843"
30,"014238/6621/14464/17330/003317/06573/004839/0006564/4190/0014488/19731/016653/8400/10406/5238/10040/01070/019955/07762/0019131/17368/019519/4563/9849/12530/0011166/855/08204/10067/0012284/7816/010738/0017921/7736/6321/18688/6668/7622/000822/0001440/6264/17347/0011168/0010232/16306/0011503/09167/18192/008777/13178/005224/19536/2171/0010968/0011224/0006536/15398/13276/19678/11370/17319/9691/19213/0604/15825/012259/0012326/9530/14614/12728/8603/19100/409/017187/12853/01588/14413/14947/0016389/6409/016734/3523/008152/0014173/844/008261/792/1103/01725/0016066/6615/004065/0011472/0005683/016346/10527/0017286/9341/8433/05685/0001497/005257/0019083/016544/5082/0018131/017400/9083/7420/0014481/000622/003339/005235/6649/5207/0244/0019670/013567/0012966/11377"
31,"0013829/014125/003212/0010674/14842/1874/0424/0002591/16559/7144/4234/7212/18772/05976/0016368/3021/13088/008546/019860/10594/018810/487/0015648/018171/4457/0013226/3676/18190/3940/018816/15820/012559/15646/07146/0014462/08929/0016652/0019175/10412/9855/18230/18309/11663/19174/10100/0010427/4765/7277/1323/02672/3516/11204/8542/5747/4711/0012913/0017767/1211/0343/07923/19958/0672/09655/0007154/09547/0010979/0013755/87/010136/17264/16272/9293/4522/0013684/0010258/16981/013024/14963/5855/05239/11597/0017080/014360/19092/16111/003850/9214/11411/0002741/08648/04097/4716/10265/17431/15347/8199/16578/007570/014047/0018226/19398/14302/14757/0015883/16324/4514/518/18478/1050/18003/12955/6023/0015787/006324/0018213/6581/011550/0010408/0001683/17075"
32,"11110/6064/012050/0005182/0012028/10854/15042/7943/19362/0010447/05124/0015161/03491/016963/10382/009744/0014124/06511/016281/14153/017104/008101/8854/16888/12155/4317/09126/010905/3329/16118/2392/15295/011385/00057/0019120/0011622/5636/17193/211/4810/11828/0012204/02756/09589/7224/02913/002500/19999/8321/011193/03365/9997/15391/06553/9902/9842/01163/03162/14347/01650/11361/797/004463/10144/019345/4691/9251/18617/06677/06178/13609/9245/017147/015349/0011269/4172/0016611/9569/1379/17836/9374/9992/7231/02528/2655/016290/3863/5538/0019892/6128/15399/0017265/0011237/0015593/007822/11962/1651/0016263/017026/6766/14793/17727/18212/08120/1064/015149/0010151/15725/3934/5285/9616/001559/4447/011497/9786/014368/9282/008968/016689/017733"
33,"00599/9783/006892/5900/0019237/3244/02166/18887/01603/4176/13359/5008/017244/08457/16414/6510/2406/466/005495/08163/007023/0017666/07671/0010320/00878/09484/6058/5935/3702/0005114/0019664/06751/15525/3139/16638/12598/0014669/013872/05735/11083/0016539/017642/007538/18248/0010023/9072/0010256/008404/0013241/05860/012646/5650/18868/17734/6681/249/0019791/15669/014169/004666/0017796/833/0012023/05127/0006235/4956/010368/009994/014316/18773/14229/07715/9724/012548/017163/0010347/9194/007097/07002/013804/002113/8764/19557/9820/2079/18981/16120/1233/0014707/018080/0018183/0014927/008266/02544/0219/1781/03068/0016216/4551/7038/14598/8673/010927/3911/8111/0013269/2423/015944/1740/12214/17502/016676/0013575/862/16215/12677/18817/4945/2160/12758"
34,"10891/06563/012593/19085/9771/0017801/13980/18737/09604/0019757/341/11316/1280/18585/0013714/9606/13805/01311/0012356/14080/0003366/019910/15450/01553/0009445/0010632/0017301/018454/1335/06488/0015968/0017512/006342/1893/06719/0012724/18073/0001947/8412/4405/7928/18599/6121/012414/17483/0009409/14914/01438/2535/16438/9127/3487/013547/8988/2143/07281/9800/11113/6224/0013405/12816/724/14487/0014499/005184/1006/3507/013186/03448/8890/2414/6174/0012984/17209/7486/11315/0015173/2530/11938/6567/0019544/10908/11958/0016241/02421/008292/4718/017957/2413/0017256/8796/09537/193/0017989/04867/0012692/15382/65/8302/8599/12382/04158/0010227/0009453/7672/13606/8757/010753/012223/005980/0012524/018424/6122/11596/014583/04877/6992/17496/0018592/0017898"
35,"5527/10580/13871/13921/005401/17579/0011341/14673/11146/012293/19309/0008954/01993/8385/5036/2194/0013342/18983/328/17405/5510/008178/08344/05281/18154/5002/017114/2814/4342/0010757/06127/07437/4096/16614/15164/008722/13160/14884/18364/10017/001089/0011137/18955/0011481/0018102/03547/017537/00818/07405/16606/0008775/0014972/17365/009431/3193/9212/8022/13150/2538/0003151/0015983/14149/08585/11689/18105/013518/9909/005202/6220/12534/09799/008617/0019823/13614/11227/0011906/4330/0014361/02912/01646/001218/0010965/011340/7215/7992/05206/006019/004319/0007157/6757/0441/0011405/002184/16247/010952/015480/0003084/12793/12542/016335/00561/15085/07482/14647/0008280/17292/19887/0018091/17886/18782/006340/14122/942/8411/10294/11555/0011012/11661/09467/06726"
36,"18680/17534/8659/9009/0012458/08990/9454/2390/0006878/016958/19415/012101/0009410/016404/000457/04483/4033/0016253/3919/0007676/0010843/6816/3642/16778/009082/9801/6954/0009782/007444/19474/17964/16484/013403/14900/04344/010102/3900/5871/14004/0015791/0014504/0013942/06739/12566/3915/13672/7904/007541/0002510/0010636/14320/013156/10280/19593/0012926/6/017446/09469/0009193/08918/9404/2325/6195/17818/17458/7897/4578/5993/04120/17506/09934/12596/19230/0015841/0011257/16131/10973/0013553/9326/003995/2842/576/009623/13464/0014321/012193/0014449/4746/003493/0420/12900/17570/7079/8868/0009885/3849/15891/9322/0011842/007956/0005070/3651/0002915/6182/012137/0002283/0012192/8012/0010884/10484/18844/16737/2738/2016/16771/0015959/5211/015931/007453/5111"
37,"10555/06476/017331/0017057/17741/1837/013988/0011639/5586/003819/04365/14062/0008119/0006789/9647/11848/7864/2709/00241/18909/3028/9988/9836/19341/0003776/011630/12194/17708/017959/02297/03998/019344/0541/3453/0019970/0017720/8468/6619/012224/15457/16149/14033/017422/10943/014805/9981/7562/0004276/10802/15954/00660/5031/1516/09049/0014399/2105/018028/12100/18259/000785/0015406/4375/0004359/10053/008804/12329/016032/19024/3444/2875/0018859/0010710/07745/008190/017413/019838/0003190/11508/6730/2101/012227/17318/18220/016772/11608/0018092/03743/0018702/4327/3238/4322/387/3029/4214/0001088/004311/008218/2665/18148/05556/8680/19004/0002211/16041/05128/9912/0012844/13210/06228/003004/9519/19569/18637/2285/9775/16088/014137/4824/8880/02181"
38,"529/006835/19760/5023/7534/019360/012471/10849/09057/011178/17897/013833/0002984/0017425/16663/13750/19589/17617/0019767/14816/0011117/000950/15058/006229/7379/16930/003585/010052/6111/9687/17832/14030/18465/9990/13617/4417/0013400/009740/15467/6754/0016234/2321/6417/2266/6131/14223/0271/002772/11988/0000968/2932/0014372/0010649/18779/760/014512/0001594/8507/010168/019437/3671/0017070/4549/4364/019040/019681/4177/17885/12415/0577/5505/004451/011625/18562/009969/377/13677/5194/15082/1503/9086/1390/008972/16682/00361/0008651/13364/016001/0006741/5809/4713/0010462/11981/06133/0011183/6868/19609/3835/019540/19445/0012667/14742/0011505/0005845/0775/004340/4115/2072/9269/18895/3414/014741/14127/12722/03011/10549/0018722/09092/003948/3920"
39,"17578/14116/005370/4951/0013392/6549/0019853/17592/14507/016763/0018062/0684/0013391/0013308/004840/333/07959/12501/5078/8162/01782/07113/2206/0013731/014456/002301/014850/4856/000914/07783/3976/012888/015094/08839/004036/18423/008749/19058/0299/051/12659/686/9869/15191/2207/192/7698/4482/013636/5835/890/011022/010315/18794/9516/0012074/003152/5701/1459/13807/0014612/4602/08982/12657/017355/0013977/18593/004203/7772/7887/8353/007382/8043/10332/08534/15056/16599/17409/7603/0017303/02342/7819/17384/12556/0019305/016061/10391/0007710/9858/02219/17127/8398/04297/4505/12279/11604/18307/9695/018418/3901/0012391/0004883/19258/18775/13837/0014206/12959/7556/9298/08478/1132/0013208/0019229/07778/80/010329/0002001/0001245/0005646/06353"
40,"0007069/1707/1868/11446/0007046/14026/3801/0015281/0014323/16549/015078/10388/12865/3630/06443/13360/13702/16551/0010057/15823/014513/015623/13366/02901/8458/5446/10362/0016584/0010771/018378/006913/17426/17697/12550/18014/12743/3580/4589/019797/0003773/0017102/00559/0013110/6745/15514/18193/03492/0017834/2657/14574/2550/3712/009117/03796/19480/00932/007133/5502/19218/11352/11757/06225/017711/012067/6050/1083/003617/13060/09598/017870/13710/017417/6040/004540/0010028/13201/2437/7451/0012111/17914/9812/126/006244/017763/19721/841/05971/19793/002716/6805/10560/12064/08237/2245/02381/19335/1047/8464/11782/300/0001748/0010858/0015769/12730/3177/09315/9390/0011241/17925/395/14370/018848/3675/11734/13839/19056/0015471/018522/67/8662"
41,"2372/05140/00641/15737/9796/0002024/13048/1139/9785/18377/0014610/5274/0019124/15924/0002849/5204/14478/13141/10515/2490/0016423/11882/5050/19618/012397/18569/18351/19945/8605/6337/007211/012413/13031/13399/688/13215/008614/14313/8644/12868/019421/11946/7542/018723/13997/016785/5516/19701/04252/017750/4275/9917/9308/4025/03862/0012560/1059/0011656/16625/16020/311/013840/0010364/12715/6336/2477/0011308/16588/011230/19114/1477/12269/05320/0018437/13414/09316/19876/02904/01400/01110/14559/014299/012394/0015127/1431/12152/8807/00966/0019725/0009556/04286/16034/3241/4477/0010996/13665/15348/2967/014658/16794/14702/014477/5357/01368/00143/15080/669/001392/10540/5338/04548/3320/12664/14893/4427/12311/04841/003925/0009363/18272"
42,"18406/0010129/011647/0019750/013857/17491/0013077/12092/007196/17176/13435/13461/14145/02817/018531/7560/07688/014376/004796/0005360/3382/009916/8279/17045/2006/09911/14964/0014916/0005027/6893/1054/7165/0009618/2347/08071/0009011/011170/017243/06318/16905/01350/5319/05287/0016608/016003/3476/007529/3475/05907/17095/11160/12786/016704/459/1756/16747/0015489/14722/015283/17815/013894/5430/16058/0630/4761/5750/1061/12283/004388/8283/012782/006753/2158/014867/17004/014100/008645/0011821/016821/15766/13444/0017346/3220/7633/03332/19877/0019642/0015284/1568/0008928/7548/9414/0017507/0006205/06002/07449/014120/6859/019143/6659/017476/142/0011601/03213/0011910/14545/4558/014616/10733/9289/0003157/892/0019075/19065/8992/712/016816/3636/18135/19741"
43,"07552/0014425/4932/14833/12331/16390/015510/3269/003992/001362/09016/8817/356/12149/0016965/0015826/0003627/0014949/09931/3156/4512/5435/017334/0014222/7818/0015602/0012486/8576/0017031/07496/13555/13104/19130/17255/0013361/0001957/13443/012372/4550/6311/3723/0010081/19382/18653/0011561/0011700/0007063/14619/8472/11669/3293/4784/05198/15523/12965/6358/6523/08895/0013549/018340/1598/019707/3598/0010231/12369/15342/3909/0001841/00467/12241/0015627/18519/02953/0001106/17793/0001602/18335/010614/01035/04227/0001980/6175/0009564/8000/003768/12462/013695/0004067/0011789/06109/16046/0010298/0012681/7764/03154/7728/15922/7488/19534/11502/009802/3123/14052/714/6114/013456/010010/0015102/7349/018820/14692/11525/002673/002260/725/0620/0004850/18694/06107/0014306"
44,"0014528/4174/014534/5425/14194/01405/3291/16646/9429/04662/01909/0010229/4056/3473/0016642/018177/3450/4413/0019737/6092/16613/010201/7880/3592/8831/9405/15860/0017613/9062/14326/0000980/11014/1130/1749/5343/0017991/5133/016191/10418/0016133/04407/11818/011136/8821/5883/019712/13797/0016766/2599/13622/6673/0001845/10648/11930/08898/04017/0017949/0015806/4695/13107/13374/17896/0010026/2370/15377/9040/0019626/3788/583/8658/003798/8330/012267/3104/2784/018827/0011805/15186/09124/005318/18214/007299/12563/15497/1137/0011856/012800/4864/0016166/003077/12048/084/016869/0013709/014643/2993/12741/851/16447/008956/004581/0012832/16623/0014484/09403/10986/15915/005744/11421/4980/8743/0010104/008098/0013411/00353/2311/955/0018690/285/3494"
45,"18179/16522/0001226/0002834/17173/001632/17849/16554/0011129/02259/013199/3489/7874/005848/0016331/15449/3403/0704/12919/1877/06625/14151/0004916/10389/1995/12442/13109/001016/18565/14228/9735/010199/4957/9939/0017670/1833/0019355/9030/3769/0006777/0006607/046/03693/07423/9443/14782/11621/004152/007946/01745/019394/13888/08742/016744/004630/19378/17591/0015932/4876/6987/001417/6930/16799/5836/11360/3018/14817/5652/558/1659/1501/05768/0015834/01296/5304/9345/05591/03102/0012278/19323/19663/4369/3705/04128/00137/6062/6509/1713/2519/0015476/6317/0018180/02911/15517/06145/013382/0011139/15247/9817/3599/016155/7168/9768/9182/0009707/3691/17373/0011287/4651/0017230/12438/0018455/19692/4224/003043/11320/16959/06541/015280/6790"
46,"16189/0014623/16862/0019262/013303/15159/0013862/3503/748/010330/10975/3425/017981/2286/004893/001921/6616/06593/15861/16824/11711/2067/06715/013922/10377/0013786/0639/15546/6927/2360/09039/17382/18319/3470/5055/2856/5745/001204/5819/11328/06428/08607/18777/15360/0016357/08515/8068/16631/329/9292/10441/05898/11426/009857/0017774/0014839/003990/008078/003201/7230/06134/3381/7692/14608/6234/0008191/0006497/9528/9465/3219/15701/8941/003646/8226/17178/2765/12272/0015383/3267/04577/03941/016513/17169/00911/16008/5448/2082/3185/9274/0002720/5978/14783/16870/003756/296/2547/15488/365/9552/1334/19077/9659/9449/9046/10157/13253/0005267/07980/010160/5131/19643/19416/8402/013800/16915/0003158/013717/14094/6881/0014578"
47,"17730/00224/9794/0013196/011025/04223/8354/6292/9236/14158/14920/01928/011437/005414/016027/9466/3086/4446/16843/17262/0014011/14269/002666/0019545/0005876/2284/009395/0004696/8625/4475/0011050/07973/013584/15455/0018414/0004862/11464/0004555/009255/116/010783/0019974/0014123/0019933/8851/4489/11332/016105/17953/13539/0012600/15927/03405/13170/16968/005373/005039/003860/19336/13466/11624/10367/02903/0004960/0014454/0010931/14703/882/0004090/8225/003522/018251/04262/5462/15184/4034/0539/10161/15953/0007226/2620/16090/11233/0015239/7704/15477/06604/14087/010061/010892/12084/011002/0012988/11000/2566/272/07222/06555/017519/011191/002116/10823/0016007/8388/14637/005415/0013525/14903/0001848/005440/2623/7391/004786/18152/0004363/17043/8349/4391/06267/1279"
48,"08769/8129/5209/016929/0004544/7935/000811/011468/005342/7892/7501/16692/02556/18439/004629/8518/8627/016654/14955/006001/6639/7461/5395/0017375/0011242/01891/3772/640/499/0009584/0016881/1743/10351/2446/0013708/17887/0017760/006479/14185/17595/18657/15160/01376/14339/1542/9593/10551/6702/00798/011506/05989/7307/18174/16477/08814/2434/0003830/5945/3357/015859/8862/1338/00394/01426/4673/15707/02497/4138/18867/3380/0015540/0016261/12070/0013998/15726/0015077/7526/16830/871/16101/1452/15919/0013843/018012/19660/16974/13344/3153/0016440/4912/17166/0019603/12666/13011/009844/001025/0003276/01196/13955/19822/10993/003294/0019029/002217/0008848/3731/12732/9795/16230/01121/5566/11430/0010794/0016665/10334/010116/07848/18790/0016724/0014259"
49,"05383/17233/0011570/3390/0007788/16293/01590/0018352/0006219/01763/3033/17110/489/010529/0004981/06692/8238/0018927/06067/011354/18717/7417/009323/000809/018959/0011135/14218/0016664/4628/0006076/13573/012129/0011210/1500/13816/00026/08016/0017565/0019476/11754/8803/2703/7719/16900/004236/4114/03055/0013976/08157/18392/011265/10091/018106/1894/8444/011708/0015852/09542/0010488/786/3447/0013891/0014190/4015/13842/13806/6319/2939/0004186/05863/0015951/002302/5197/008567/01487/17920/0005358/20/0015637/372/0006491/001143/18510/5548/0013147/3351/0391/03490/6834/10923/5822/3933/8198/0019279/015976/2592/9660/10432/03431/15589/0012989/15658/12453/4643/001515/8089/0012891/7917/19990/12433/8373/064/8965/0010972/02162/09563/12575/18586/1256/0001072"
50,"0017632/0001237/04431/03283/10798/012399/2763/18504/0010806/008239/9759/13254/16980/0018534/014010/19281/7863/011773/0009130/8224/018625/15996/03399/7265/15537/0007426/02232/12934/013601/8329/1899/09883/5658/0012520/5944/14724/02946/015386/15625/017932/07979/0011879/7964/2886/0007521/08414/016685/18984/19194/013470/0014688/8739/004830/06950/00502/02698/14576/0013526/0019946/362/16680/0013312/0005756/0018937/12292/0016023/09568/17321/005827/19620/0002713/5125/9674/010989/11471/02139/3741/007208/7878/0010565/002112/04837/000589/7854/301/011514/0019400/3713/0012027/0014851/1254/2337/0556/002998/6566/0015369/010270/12797/4144/7314/676/4557/8105/0004080/014264/5094/5880/02492/12451/013787/5956/0007000/3297/7384/12795/02944/017693/5679/006274/0014119"
51,"019127/02925/08144/0019388/6315/0006606/16618/0018308/19451/11396/13765/16468/015412/010075/0013582/3482/013578/4922/01584/010582/15588/17987/11336/018926/004771/0010934/0004155/0009294/0015936/0001535/006156/06937/0012001/12672/7655/3947/8231/7876/18793/017825/16217/0013968/13679/016874/004588/7179/0010687/0015649/0013947/0010807/2626/0017146/11255/12379/0017814/08731/15414/01759/019835/001817/0012869/8174/0017828/0013659/006038/0001548/13404/12963/647/7642/7662/8417/0014567/5592/005/010394/0017891/0014936/2863/4368/09863/18459/03584/19584/19930/2636/016067/014220/14772/8501/11544/018077/18027/18264/15908/12765/8181/17645/08132/013429/10439/0011038/0018270/0006289/19297/007907/14213/18237/018812/4354/2486/8610/0006613/03616/0004617/14625/019911/07264/18858/7327"
52,"001816/19499/0019170/0015209/8149/011702/8122/0212/205/007945/0018918/7312/14311/13880/0014789/16093/019108/0017564/9985/16946/018763/18761/06210/5277/3866/11751/5362/0017245/011371/0010819/4686/15198/006249/17060/7049/8953/17654/17309/10678/08426/003884/0005057/03725/15644/16429/1668/0014486/4366/0013732/006979/10466/10863/15338/12373/006744/11849/0011836/511/2128/14631/15438/0631/13776/12607/18082/12911/013106/16031/0004963/9517/005961/0014141/9702/5351/006534/13511/17314/0014349/6057/8301/13681/0004616/7182/2244/15988/13774/006583/11635/0003050/0019656/0016844/0002415/603/266/0018241/06085/14268/7458/12895/0014750/7099/0017871/8240/470/07835/03252/08843/13120/07192/4178/2561/13890/18833/9602/0005987/0016476/3628/4245/03898/017437"
53,"004410/4778/2020/4130/0014005/13798/17310/009634/10779/19703/01046/006405/0018539/0014283/0011922/12378/0015426/4996/0010832/9388/018498/15273/0002829/12349/13252/014406/17593/0007830/5478/011231/3601/15129/16235/14154/521/0017025/12822/5504/4279/011142/16302/5534/010513/07421/0011091/04681/9250/019986/8950/00472/7801/0013983/363/6861/4421/6406/001366/14872/5878/16157/04061/0848/012336/3100/017546/10467/4697/016098/012114/19673/16803/0009518/1751/003456/16962/14557/13486/13245/13114/7981/08304/012240/0013356/07209/2859/16521/6087/0016743/106/014279/0011829/948/02004/14073/12906/17466/7777/3416/0013030/19858/14441/15420/16758/8699/014743/017416/0017430/916/6245/7535/14617/8549/011429/02000/04836/011565/0007050/8613/10657/1800"
54,"9679/19806/17242/17954/0014250/18750/4600/5550/7056/13337/006215/5372/05561/3721/0016340/0014758/0011831/02611/7975/008031/2757/17185/0015456/011591/935/9567/0002027/02387/6141/14577/10383/9585/3632/012591/5858/010915/16144/12096/8827/19339/0014050/1080/9625/0012435/0010769/018079/0011350/0019967/12515/0011902/10821/018160/5632/12005/9191/19109/8784/014109/13966/19022/007330/003301/01401/16714/0006994/8235/14184/4731/693/010659/17348/19619/1305/14768/8127/11390/03696/15848/003200/6750/0015226/006029/07693/0014392/3887/8737/05097/8399/14694/18567/15866/16464/0016635/4087/5193/1705/6743/6003/05875/016795/002908/14128/14992/16865/014628/13138/5746/10289/018506/016535/10789/013010/5363/15843/962/012211/009841/2495/7219/3122"
55,"769/5431/06600/2957/19931/3658/002261/12454/03622/6024/3502/17833/11546/012407/8626/0017604/0010105/011221/0002223/019547/009810/006605/0013711/7491/11465/2303/19867/003701/13733/12136/0293/016754/4871/9295/18799/0000617/2431/14017/8878/0004585/15075/15714/18897/3942/0002433/2668/0017664/008213/5672/16699/10816/1667/11609/16143/1189/17731/7132/013848/001024/7040/015000/0011750/1913/005444/007718/1032/012400/3937/0001027/13112/7412/12748/5554/5222/9772/10030/11740/0013163/7161/10004/14671/007941/01814/0013741/018951/002234/9372/6504/12239/19796/1488/7632/7615/8182/0019814/004143/09942/16622/2920/04459/011645/0016499/0014952/1286/15301/14959/019762/06675/6817/014915/0012738/002310/0008793/0006629/10750/06904/0006158/0009318/13191/9534"
56,"18759/0005067/0001369/0000146/0018191/0009023/015802/19972/4255/005439/05217/0016779/0018552/3455/019039/0003829/0009223/017380/016804/14396/08264/10225/003851/0012858/7665/13882/0019874/011827/6808/13057/15587/19743/5150/06880/001532/13023/4593/0018751/12364/016882/14699/12125/012725/12419/1272/0018754/017649/11638/06962/004231/014998/1792/0014602/0018023/0002424/0010890/17134/0016055/11143/10453/3443/4480/06572/02005/04157/0007866/5932/0011758/019831/16828/07689/03076/0005737/017107/10308/4496/15846/15423/13151/14769/02460/011374/2572/16455/0018584/4926/0015190/9683/0012069/16394/8698/2661/014342/08487/08032/2791/0005215/04990/1836/003065/009307/012739/003653/0015993/16784/015571/005092/13855/005963/220/018862/14348/019542/4006/0012036/1221/19740/1478/17702/0015719"
57,"1458/7625/0019236/16275/2318/08158/009306/1267/7323/08700/874/017568/428/0012727/7638/12146/17912/2429/0010894/011500/0015100/0018162/012790/018732/1711/18734/07018/4712/10572/011899/10305/05089/0013831/11487/4086/03277/19929/012144/12526/0014290/16219/16339/8824/03480/0015702/0009956/15663/1136/0017037/011816/0012405/0011192/8488/000045/15118/14672/11163/019827/18381/4358/0011730/3393/08741/3463/0013423/0010076/00407/15561/0953/009779/8103/14771/18914/11871/18555/15997/07462/9138/007958/002129/13415/0017267/0482/2664/016970/02989/13378/09751/0015319/7796/0015653/05460/04028/3483/19513/004372/16575/17463/19023/09095/0002516/007020/03710/12710/7029/707/0003422/010635/8138/18648/0013054/11823/18514/8176/6144/14670/13598/0229/16979/11366"
58,"013071/0003092/10946/6530/06705/17893/9183/01895/15483/4476/004898/13157/010323/0008938/15379/18871/690/6582/18574/5130/004478/4207/10573/01879/009104/0012393/1191/009498/9964/12095/17201/2341/0010961/0009131/03848/2865/18488/01946/5625/0018489/0007100/0015275/2699/008634/10369/11628/008766/0012334/1210/0011301/004680/2291/0081/0002582/11901/008799/4147/2712/16208/13835/0015460/012212/12179/16775/0010419/3678/07971/18045/15897/0003430/9235/10207/12682/13294/014704/16952/3645/0014365/4449/012818/002894/19325/8785/04693/17665/007137/700/12755/14615/0006470/8050/17274/9226/12466/10476/11614/0018635/18878/957/019452/17087/16872/009339/0011149/10509/07807/19952/05296/0718/14297/11112/8459/6161/14660/0006081/004832/17548/013381/5587/9809"
59,"0004882/14723/17034/7440/09287/9256/016286/05374/014466/05643/0015469/0017250/1439/17144/019066/07639/011344/8319/15858/10458/0014763/10133/02193/05519/1871/10589/10713/018141/13079/011033/13124/2782/6869/5482/16605/19142/9479/019633/0007804/9477/15315/014761/18210/4799/09721/011979/9109/0015124/014739/10448/0016112/0005613/10721/019111/19278/018345/0018553/17487/178/6011/05727/07648/14546/06408/5895/19883/14457/4790/0019392/0014755/18958/905/002019/1582/004632/13784/012290/900/08850/2583/5458/7643/07016/0015949/16912/0012200/15021/1208/18908/69/11346/0010692/14663/12887/4163/0017864/10896/0013293/2386/0010662/0019064/0011041/005105/010290/01920/19504/0015387/4792/11983/018290/17705/18528/0619/19018/07998/0016760/13388/12925/17770/10403"
60,"12601/5861/18973/0003583/0011588/012625/5955/12876/19616/017747/0002376/0801/03674/0006585/5113/0004379/12219/01954/17442/10337/18863/4694/5710/0014497/00625/004068/01193/959/4539/02343/11357/19596/9879/5982/008663/19717/12156/0017619/017573/0019331/2111/6791/15479/2773/18561/2891/540/13091/889/019706/015575/02461/177/18122/14044/14634/119/0012030/9977/4920/3040/015946/2867/0019837/0012943/004385/9284/08431/5135/7070/15712/01304/12/0016801/7303/0009061/09143/16659/004892/0018525/376/008782/10401/19714/011069/13483/007111/018679/2156/590/19842/0018768/0002475/10631/9681/19000/0010413/18281/1647/04307/0015158/0003960/3842/0007061/09838/12019/4759/12315/15713/1215/18857/17880/1900/02012/019178/2237/17343/5021/12460/0012967"
61,"017523/6312/0019934/9239/16879/05012/3010/0007811/014874/04708/6999/3149/09644/4323/013027/7422/0016639/0816/8312/3136/16774/019356/0014430/0003180/03231/0019832/04742/0018532/0011595/15110/014450/15687/5772/0008484/1098/3795/07695/5452/005765/12805/014921/12022/08347/4304/17601/012510/8142/9185/0015851/13421/11232/16248/13019/11469/005542/703/7034/15010/010570/15261/011632/008143/16418/0019683/011698/0001406/5786/001574/010844/17207/0013283/09119/13323/001075/18684/1658/11904/016600/09670/015359/015767/018719/016950/0019477/10723/09884/17952/17092/005386/13898/0018886/16921/04997/6737/012643/7326/8114/11574/017090/5126/13217/10803/11402/9918/2428/03876/443/0018872/0011086/0008212/016751/17811/8891/0002440/13230/3509/6007/09753/11093/007650"
62,"0015808/05144/006397/12647/001852/016616/0014629/7714/18485/4195/13270/00574/017820/11612/2282/17945/18275/2958/7364/6351/13975/920/0015608/0010809/0011095/8629/007586/7712/0012760/001266/9711/06684/15074/017105/996/3134/17605/7268/08624/12845/003517/04253/13121/13427/11541/0013761/08939/0010833/11769/0014281/8837/12404/0016010/004998/14312/4492/7626/0013587/0017369/016907/4383/0010285/2478/0018451/16677/6254/0153/9653/0010617/7472/07081/0007145/0015499/12928/12769/13650/1364/010672/0007573/05279/6501/03384/000967/18520/8877/0013272/0001561/18987/11435/13923/15693/0014605/2152/04044/3167/0017111/09031/0008915/12033/012388/2136/0018109/5141/014156/014325/18591/010758/1141/15789/4504/18963/9112/014794/7740/15447/5518/00727/009376/14836/002969"
63,"17450/7363/0001710/0017443/76/18849/16773/4094/10550/005901/18930/0965/11790/01489/3165/10358/001562/018069/17641/000536/7221/0016265/015337/12443/6916/736/6961/11476/0006656/02385/019702/781/006097/1159/07751/4939/7400/006986/10106/7517/0019074/0002489/0002098/5489/8499/6864/18575/005104/1456/3436/17393/14695/5740/16125/14517/6078/15109/19094/0006446/17460/06047/05885/0006471/010111/221/05536/1214/01148/15698/012655/0013314/11123/17212/6757/0011229/0012867/10664/6830/0016947/5165/0010840/1253/07030/5292/009718/18989/0017602/0013452/0019800/07757/6825/15334/6548/015671/7855/0014018/13008/12823/1199/16490/19606/0008584/009111/04310/16928/009833/010428/2313/8242/013194/01974/0013436/2290/15558/014811/02855/0007589/008519/612/013883"
64,"14426/08902/5231/07037/10228/0012444/4355/018890/12752/8241/00743/16813/0014879/04533/12824/08532/001925/001551/5307/543/12810/08671/06290/9419/04736/0010764/04650/0019925/04760/6740/571/018311/005969/18143/06841/5497/11300/03770/05674/001924/019035/6445/15090/5552/2952/010928/13190/5680/0009620/0015716/11267/8343/5181/10469/7852/14420/7175/11311/4498/0017988/0016798/2714/015020/12176/0014258/14899/09232/05158/005466/08798/13238/08694/0007795/13179/16607/0003368/17657/0013499/50/0019549/19594/0003247/5459/012015/0012827/009217/3210/011304/1727/10955/0019426/03945/7115/0010306/0011799/01300/1410/9037/6467/017010/0012577/16159/00912/02333/16949/8345/009527/007425/7039/9701/001691/005040/13914/11837/0006104/12950/0007619/18088/00154/003176"
65,"09888/08600/1201/015468/06169/16237/008849/02641/1992/15552/9949/11680/18389/018052/16811/15547/0017812/17077/5385/11225/002975/7582/0002456/8057/3449/383/06360/18979/01752/4272/9204/4940/4064/10932/3607/10867/14448/8096/19444/005106/0010259/7502/6147/9605/4346/9010/02576/19987/19404/9750/17599/4179/06776/05707/0012135/18603/13522/17278/0821/1625/3970/0017225/0008090/18126/12291/15013/1277/006533/14382/0009144/0018806/4072/484/0005230/0010775/012492/10498/0011832/0004083/13250/0016469/018605/0014233/16667/17296/13045/0820/9495/14803/16106/011533/5145/2895/15815/10835/1240/009638/1552/18791/0012145/0012198/04433/0012849/011642/9384/10083/0013488/009600/012933/0958/01531/7716/9765/018915/12455/3557/0013329/02037/0010460/16329"
66,"017682/018365/5244/18234/009120/2086/15024/0987/0011375/05063/9610/6831/013498/15202/01486/14958/0012302/17086/19457/12060/3160/0001523/7536/7350/06439/0015840/19861/017320/3183/06540/5220/013051/007760/17719/5770/0006338/2502/0016367/0018990/4453/12634/014997/12079/0017219/0019167/7620/01858/019227/19186/003967/007944/8883/06060/06829/015023/3196/5464/0013385/0006366/19640/17757/18630/0015254/02289/281/13974/12371/007060/0005557/0014479/019870/9283/08164/16909/08695/019366/0015143/1881/10150/0010042/01447/010703/9531/0010831/3218/7565/0010094/19240/0015030/003875/9875/019020/19454/07873/002137/14603/1786/0015316/19612/1821/011236/0013896/001147/513/18216/012191/0010742/0002416/16012/18101/18201/09438/4868/3227/10435/7690/11886/0016875/6204/0019984"
67,"0163/0019649/0014844/9192/004909/6670/16388/9366/15274/08200/0016245/18604/10304/017283/3847/06654/11571/8175/004380/3037/7295/00994/13597/0014543/019317/4205/0018819/006546/7579/11526/010873/13756/15868/0018017/1107/003968/9622/007694/002541/8228/17513/04318/0014322/658/5540/11358/011867/11659/19617/19629/0012387/17659/006477/0012139/19538/3359/4437/16556/06517/17868/02808/4804/04521/019755/8383/0001664/6415/0412/13581/16850/11685/13480/6328/18058/11537/019157/008232/09017/012010/0009215/002090/11618/18978/5784/8621/5929/11056/7064/12087/3538/9533/3573/011644/1008/012631/010706/0010430/13089/4102/0015262/10114/2123/002631/7644/13131/0011527/08456/06505/016868/05450/18483/00671/77/0003498/0002008/00766/1615/013092/05911/0015904"
68,"1718/6599/5757/019554/2420/03552/15189/09455/0003321/2992/234/15597/08590/11016/005227/005588/1520/016054/1700/6332/0017713/12361/12581/13934/12199/817/2040/17474/2023/17913/4464/5915/002401/4062/11889/1004/09713/000429/7668/0015509/7839/6293/8786/9760/0003228/611/0018492/04288/06203/4865/12939/0245/10772/06035/13887/16593/4572/02885/0018749/16454/274/8219/00664/013494/17156/6910/03791/0010654/0006212/03370/8296/0016585/019568/17678/7108/0650/10339/009656/9692/0017306/15855/8025/1448/0010588/8998/13026/11387/14407/2334/03936/0011649/1940/9689/11881/0018420/13950/15605/0006375/0015583/0011937/13930/003539/19492/03886/12558/11353/012061/13809/0015101/7618/14451/2487/1302/18430/013667/4523/19233/08045/02114/13735"
69,"01757/016432/015123/0731/005347/12629/015368/2322/19836/2755/0008744/19954/16942/5631/14863/16594/7409/0017776/9891/12851/18358/0011384/8889/12358/0019856/10344/08776/12806/6202/15998/11795/013373/0016502/008914/003346/00262/6422/8594/19141/4329/0011955/07748/13247/8922/16782/0601/0010380/3477/15689/00593/15945/0017229/11152/13198/014414/1709/17984/390/19834/3441/870/0019530/0017698/17633/11862/733/0011290/019464/11709/746/006807/10221/09440/010611/0019311/13500/013635/7067/17918/004332/010597/0013910/8819/0550/0009663/0013941/9180/8491/2559/002759/19585/10146/3771/0017706/5411/17850/010622/007001/001768/17117/12426/11339/0012908/002529/8341/009311/9828/011088/0013093/1128/0012801/0017183/0018733/0004842/15478/9551/8013/18086/0009632/05221"
70,"7939/156/19347/0017402/14860/017137/010117/15935/16849/04425/014555/02375/007135/3661/11684/7832/15559/014642/16323/8155/0017041/1471/19807/04767/0013040/014969/17614/06640/19361/0012039/0018716/18470/179/0006620/0003352/8926/10643/0008879/13867/000812/13664/19212/3794/10906/5200/19747/05664/008300/02427/12029/0525/017905/005803/14294/3224/6906/16384/011291/5840/095/3554/01776/0013752/008618/16322/012897/06159/0018882/12935/7123/007960/014418/19364/12421/8060/4890/007833/4976/003954/0013788/11929/3258/3446/3821/0010487/03892/10861/17268/07842/0016988/2778/5218/19292/002531/4055/04308/7725/0001062/0012319/018792/018386/012592/1798/1702/15621/6429/011029/14908/1387/4296/4564/01944/1854/3531/12975/1509/0019905/009671/4246/0002682"
71,"005056/1472/14506/001144/014310/0012956/2758/4698/17933/10623/12110/002066/002935/016411/13338/15974/9754/6727/12565/15257/3396/15955/03686/0001573/12346/004934/7369/12170/16562/2228/01246/16493/15794/013757/0012871/1442/0018394/8874/013781/3609/18613/14013/016442/1206/6622/0010454/05670/0019257/0016059/11172/7155/013657/7823/2825/6887/10000/15527/0011854/8774/19830/0010209/08707/015462/19497/17863/004384/2954/08555/11466/15580/006595/13059/2590/1938/14630/4826/2029/11992/17749/12390/16925/4267/02344/0013291/0009174/16660/14974/6034/016047/6430/0008141/4654/15511/6769/002704/7057/4627/0012962/12549/001232/836/018443/5290/10691/0015798/0019306/14779/11413/7250/3682/17295/14904/19030/0016805/04089/5352/0019567/09572/06218/01764"
72,"0011722/10719/013319/0014809/011717/13028/01434/0003340/15299/07621/14384/18140/19188/01847/1735/17615/8636/19739/16555/8530/6083/7106/11180/0019533/3150/10865/17016/0009344/16269/11984/11665/0013352/009706/9789/01527/19922/002606/1457/9398/19379/5275/01158/05014/016409/3717/0010393/0011177/2447/0008216/011774/0012969/2104/19181/04/19982/506/7032/0016048/015930/5644/8668/19904/14968/00528/12021/3373/10564/0015193/0001827/10773/17673/014374/0016366/14715/0001864/5345/009991/0014355/006718/1124/013738/16537/15017/0014923/0011057/0005626/3780/8582/18156/10700/5693/16221/0003533/0013687/799/013017/0019013/0018376/15144/14329/15264/013380/3883/011724/006356/0014662/01259/008168/007515/002035/18704/15642/12553/15775/15394/12831/011872/9012/0008380/0019491"
73,"10149/002089/9619/17859/001464/014648/1611/06381/7466/009607/1655/02053/001550/006667/10506/107/1978/6610/0018864/5894/0017208/8735/4943/2150/17132/2731/0007584/010309/2853/0001078/2830/0013641/717/0005706/005595/015762/8067/0015/0010500/9463/0008911/5637/10400/7525/13858/07733/2220/002965/016684/013591/0019041/19774/0011578/1634/19352/10530/17391/8136/19494/9576/009252/1640/1322/012490/011376/001094/1360/18965/0016644/04240/014830/15317/19988/10759/013305/1283/19134/019921/10799/11247/002267/017421/16956/1942/6608/017853/15507/5717/6452/0004367/004127/0003360/09075/0011741/0016790/02850/011408/05621/437/02251/17647/13457/6707/7942/011065/16137/7121/14227/2339/6792/15721/1337/013900/7009/05930/0011288/16050/251/3012/0005477"
74,"1970/4815/463/09079/13919/0019636/0014061/0015739/14503/830/7258/001134/3778/505/14390/0012889/0017007/018072/01517/19113/14871/016890/0011733/4793/6386/12203/1977/18075/19571/15567/7257/004769/5526/03891/8355/00102/3978/16810/002395/011661/17142/2521/0015091/05022/3879/5293/11920/0017813/5116/19468/001934/7663/7991/07187/7200/5493/009435/0010697/10248/003445/1618/0019560/6213/17607/14203/3549/122/826/17928/14532/16015/18076/016978/3643/0018521/508/8361/03916/0015083/16571/017297/0016287/0989/06416/0009106/0000286/012794/09286/0016561/8985/15212/5677/8352/3461/18721/008900/19771/02659/0005532/006568/09535/015330/9439/0014939/7348/06810/07537/003793/19507/3302/11911/10002/607/002418/0007940/13302/0010034/08871/011494/9698"
75,"0726/0017894/8760/14387/08548/1528/0008704/18383/013355/002574/0007630/12633/17122/13353/3727/0010605/0006455/94/5309/8495/04473/013001/0014358/0012482/0011739/19374/03752/07754/17153/1609/2608/0016848/19410/02200/0857/15047/13548/4408/17012/013723/017831/12062/17531/6059/005190/0014664/09925/0008547/02601/1429/04541/09944/10519/13206/0017074/013632/3918/03364/15999/0000352/14847/8297/15928/71/9324/12182/007900/11325/5888/416/06297/18813/1645/11658/06000/10101/09461/9338/1155/9756/03031/1092/002444/0010177/3932/7306/2258/011748/0015952/10479/002881/05977/004660/985/0011207/09850/198/0005000/401/015917/010108/12859/5579/03426/015037/9077/11088/006494/001291/09675/07909/019152/6780/0012879/003515/019902/6273/6671/19654/016069"
76,"6118/6953/5103/008907/10812/0018889/07343/16542/01451/00667/12099/006361/0005301/17340/0014683/13908/015496/10397/019147/13449/0018905/007086/3019/0015405/2660/15581/9437/009045/17549/971/12753/0013655/05096/0017671/014276/06683/15531/0015169/19956/009587/011410/016835/2914/15736/018022/01056/496/1042/15560/4869/06597/0007631/015522/0013996/9444/7869/004007/015340/4189/08962/6226/0001805/9114/9108/17807/05985/0014560/13301/13165/04724/0011714/0002883/0011587/7195/16788/15906/13967/14540/0019782/001161/1022/011403/18647/15688/06055/12927/014261/00678/2015/0014181/19949/018458/0012370/001474/016723/3113/02648/09834/003924/07756/8112/16229/0008543/15171/015125/11438/009222/4382/6271/16633/0016690/4467/0013509/0017210/0016574/19370/00440/18964/6972/19228"
77,"008308/2050/012500/13401/16119/11442/010520/1882/005641/11443/18139/07947/0059/6283/17135/14278/10782/038/0003457/15757/18664/13039/3838/16592/0041/9830/18589/03046/0008984/9361/08845/14890/228/004321/1671/11531/0004995/12735/14335/0015036/04390/8655/11971/06865/13132/0015572/16967/016035/14092/4070/0017788/9984/4596/0014314/008432/16062/10712/11633/6747/7028/5968/3959/19726/13278/06459/018513/3166/017305/0768/009982/019222/973/005232/14791/010556/7862/07994/013870/19928/0016077/18769/0016792/015155/4749/04516/015835/19294/2120/14912/002512/003264/19591/0016026/1052/4605/015661/14356/4165/19332/16720/3831/6920/01554/06614/008113/4101/0003001/0015298/15213/0015230/16997/0015947/9826/3202/6237/013876/0013713/14980/12855/14924"
78,"0976/19163/2277/5990/0018195/12395/008960/0007320/0018720/2144/0017404/7140/0014237/7837/0015506/2229/0695/001183/011053/7933/0012545/18315/004978/02899/002140/1760/0011895/5653/14753/13447/0012615/12489/13205/0001839/009358/006079/0017136/0017023/15227/006637/013295/7528/08063/0002132/14208/00368/019118/0008912/018276/014247/5028/13086/03594/19816/493/165/1328/08116/14201/0819/018194/14989/14680/2263/6364/16505/12893/1783/16683/007684/5905/0018655/16658/003242/15518/0019686/02125/13296/16482/017076/8901/6873/14835/16044/18029/011822/7282/10172/016719/09522/13639/7709/12856/18370/19310/0011927/04542/019177/6065/0012894/11448/8403/0002151/12344/16739/6325/6774/6143/19448/5299/17829/01570/0013113/01485/14698/14733/09539/4219/253/380"
79,"01987/011694/1656/018246/2398/003677/19011/7298/0010092/0010163/14822/4376/11418/15388/10591/7954/1967/16710/1512/16422/4915/171/0003334/0017590/16767/4118/6431/006370/0001565/019980/02892/013249/16305/014720/06460/2177/829/02810/18147/9631/0012180/04166/0001960/18800/408/4543/18497/00824/018490/10307/19923/0012791/0008137/13062/8209/7808/00904/005407/0013550/010202/0019685/5405/011802/013834/004303/10451/13182/11852/012521/17390/0018741/17291/1771/9960/15350/1/0002862/4507/0012706/02332/11683/1830/0014460/0010343/11776/02365/8367/1937/002328/011953/2255/009503/0014020/18346/05470/999/0018912/4858/4320/7997/02545/008993/007392/0017231/19193/5242/0005100/015492/02043/13704/0014896/17028/5382/019992/0015381/001063/18471/6306/09941/8517"
80,"16837/16420/741/0015139/7596/09968/14453/9907/12403/0013122/2884/2186/4032/15079/06717/008481/14764/11814/10909/000842/014710/4537/0016179/10154/0011843/17667/1661/7387/0007345/2744/017411/1991/017655/014029/02064/0014345/05790/8702/02455/02121/17078/2224/18371/0019140/0011148/05387/0001344/0009352/000337/05529/15864/0019505/06697/014993/015009/5024/10331/0015352/3437/3048/0011682/003129/6812/11477/019338/008596/0018221/0004849/0426/16296/3526/017251/303/7075/003107/12574/13184/0012958/16353/5163/13815/06387/8350/0019316/12143/15836/018920/6354/0014130/0011158/004500/05044/18665/1287/4191/18776/11124/14324/17846/0015246/06786/09033/2451/12628/3777/8643/0013604/0015652/9196/4193/016524/8885/16167/0007328/9066/004282/15832/11956/19168/19880"
81,"1249/10243/0015064/2722/19939/8503/18032/13951/02248/16820/017808/183/012207/0366/840/19634/17714/009903/015237/208/1444/09087/008925/9703/14982/15505/0019180/011064/0006657/7180/0012252/019419/19224/13745/6082/16494/08669/19393/0011289/4669/15610/11115/03442/0010404/15706/19506/0000730/0015962/13759/02412/8299/11912/002748/019896/17980/003946/14760/19744/010121/16922/0012635/0015942/0002326/0005030/0017266/019738/1384/09680/0017775/0012014/0012209/1095/016570/0000777/0016000/016604/0019016/3089/0014021/8017/2776/19232/018696/6113/18124/04975/017085/016374/1787/15830/19122/08371/07711/12076/2950/17726/662/017461/012271/07007/9924/0009806/8816/13287/15515/0012043/07261/12217/8999/0013852/3432/010196/10557/5210/008942/15277/004465/0011735/18999/938"
82,"0013123/003655/19220/2675/0010910/015770/010336/0014521/0010801/0017081/4923/0012905/016102/005071/7377/0018516/13440/0008994/13859/3246/0011359/0001674/05442/0012680/8167/9930/005427/12148/0018660/019102/19324/04362/0012468/015745/0012097/08303/152/3002/0174/002769/018324/008881/07965/0018405/0015964/13594/7285/10902/15032/15532/9792/8857/18853/12215/13064/02799/019645/0004561/015585/17869/9139/592/8738/0010361/8150/4900/003174/9099/11186/0016021/16808/6307/4412/3907/14076/18487/0005640/9474/15995/11660/12243/008021/17611/1506/19895/8128/15640/17029/10049/04462/0016152/011456/03576/017539/16300/4744/7480/18402/16546/02107/01493/17865/0012660/3555/7055/03372/7198/0010459/014135/19138/10677/10217/08520/374/00375/12537/10718/09550/18181/02647"
83,"3518/2118/12527/01408/10247/17130/8109/006855/1466/0008529/6773/0008429/003385/003730/5539/3668/4291/7600/00455/3763/0010792/13507/19158/019787/011559/10722/0005162/0009788/0016902/10609/014856/18566/19851/15533/9867/0018881/07652/6316/0017204/9203/07611/19566/5011/0003574/0013722/17290/14652/007395/7489/17766/5675/0010734/18755/0013463/00910/018142/11890/7559/002054/19602/014458/3759/014984/2031/7623/2777/12107/554/1172/0011540/1101/02632/5169/0012595/856/0013563/06996/11283/1229/0016695/0010607/018903/1363/1983/10376/0017429/0013782/3206/7677/4280/15135/004888/11102/4264/18118/4175/07297/7752/13162/3309/12424/008325/019084/15245/06093/001263/16004/0016669/11643/288/013664/12013/9022/1380/2753/011940/007448/5237/12056/16770"
84,"008577/12915/0014591/4715/0005681/18224/2127/11474/0017978/018121/314/0012450/12386/8818/15389/09652/03038/02459/15070/15289/014548/11302/014729/14431/10984/06372/17494/8690/01330/13583/011145/13846/005447/4618/10088/0012564/7015/5634/6256/015403/0005635/014638/007701/19399/0019659/14022/15134/18559/013561/6473/11968/6110/0006758/2735/5943/016087/15397/2044/4110/1540/005432/492/14589/92/11874/000242/7342/10531/3251/10508/00974/0010653/15475/0016802/10103/3003/0017742/1125/018515/7761/13540/10074/002225/3917/7571/0016301/12197/15887/8726/0019733/2876/11877/11285/0015691/014940/01274/0012365/13725/14565/005129/18035/8773/16984/0002494/1579/0018037/0663/003704/000145/7189/002866/07820/0018706/10464/19915/10252/0010709/10985/3747/406"
85,"05725/0011567/013419/19818/011074/011263/0002578/0007475/1084/2097/14790/15022/2536/4987/11880/02049/5522/5829/10901/09827/011017/009962/14265/0007467/14245/11416/1499/0010694/16886/019959/008588/13044/4201/2764/04485/12161/16060/0015001/14745/006412/019255/6304/0009035/6857/04704/8791/016504/5366/0006636/013239/2115/017489/7484/10482/10544/1519/12746/015816/4510/002117/9704/15366/18208/016256/3530/4679/944/003708/4852/2317/18279/6771/0019632/756/07510/979/0019597/10031/14143/19391/1389/5252/011096/19186/1910/005937/17915/0013065/0002241/0013428/09169/4038/0017892/12478/02676/14350/09694/1828/0001135/1538/0013451/8623/0005480/2467/6797/02315/7304/11032/05479/3709/13661/03726/3525/08153/16475/11903/10249/360/0003685/0013351"
86,"0013152/6915/003719/001248/6801/0019387/16741/14200/18158/4107/06241/8591/004481/011345/10496/12289/00825/10686/6296/0011061/018215/15667/015253/8936/4209/008763/762/01684/0014806/0011815/0008840/0012762/2458/14469/18550/17106/00255/001959/13502/5992/2919/2091/016822/14077/14051/7915/5065/462/12057/0015225/708/317/8927/18321/0014719/628/0002898/18387/07555/06389/4484/009074/0014861/0004232/012538/16213/16982/6970/03714/6088/10785/5732/4603/023/0007076/2147/19680/0007373/7463/044/8207/10770/823/0018300/2710/7779/012420/08531/3546/432/2804/4911/5513/0014832/017252/04440/19769/3280/1470/8073/04899/0017059/012773/7112/2377/19704/0007844/0014814/9441/15729/0017755/9448/15601/12613/15582/08917/009415/002099/11398/4597"
87,"0002872/0002522/2537/13535/04633/0010600/17139/1754/4196/012874/11087/03022/017631/17258/13682/012248/15682/9207/001976/236/2651/11392/08251/5171/7550/7758/05724/17351/09007/005645/18408/15730/19812/12339/0019342/16560/18436/3096/002466/494/9462/0017902/18996/6179/5369/19051/008983/18305/3834/6676/1546/885/011679/4058/5310/06827/9218/7321/4866/0011668/4938/013012/2231/0015668/06694/10056/09595/05098/19977/012713/18649/06367/016948/5394/004565/14910/9281/1127/15742/17061/02840/018231/5255/0018136/0015222/0018041/03542/003410/18480/15679/0010897/0006617/19377/05074/13224/11664/545/15048/0004142/4774/07691/0014552/0015331/9905/12245/7021/8656/13663/6723/4764/0017744/15878/007370/9224/008008/0007280/1982/5890/14950/19605"
88,"006983/8374/015157/9221/0013496/1633/010904/012406/0011965/0003732/013504/017049/0009741/005847/007984/014584/016572/11727/18209/16150/217/15290/3635/17140/13153/017540/19994/18132/5546/4148/3404/9412/012626/1876/07569/16636/014381/05233/6527/00763/0019913/19049/05294/0007609/18873/909/10936/14807/0014452/0010402/16312/15065/008701/3007/919/0007025/3296/004727/019763/13979/17014/7988/01190/17684/015635/7389/2771/0019397/019993/15568/011036/3481/04442/1694/18524/012712/13698/7989/010407/019485/0018960/3570/009560/8559/0011800/1260/004999/15564/009314/012459/6253/04393/2986/083/7267/4257/0011037/2734/0011277/010046/14979/11049/0018831/004208/1616/14205/7974/0016983/5662/7447/13938/7696/15107/06480/16196/0010373/14043/18636/19805/017500"
89,"001353/010745/016945/3511/0010434/018176/0013885/16461/11185/15434/3378/009300/0010714/007017/0015435/0435/3374/16933/017167/4328/1182/17934/017311/0012133/008860/8474/17410/6177/5280/37/07910/17415/12159/002263/0015535/004202/0016280/05384/2048/016342/0012222/005574/001789/0019766/10878/0008469/10639/2634/6036/11100/011720/11199/02309/6748/1622/9904/13520/5178/7572/11806/8201/665/0014308/5506/5013/471/07514/12788/0017073/13000/0014716/4456/0013085/016258/013758/2134/19446/014468/4636/15046/09665/018477/55/018438/12281/011695/7659/06496/03665/19493/12599/3052/1231/1205/07102/7139/0016072/003115/6520/0007254/3637/14465/2887/3187/0018992/2677/8869/04845/14547/13965/18401/0015002/2046/13903/011245/6139/003354/0017787/8514/527"
90,"08059/12218/017662/07022/15437/8598/8628/03131/005730/16567/019481/2268/12609/699/05264/47/268/10009/15905/0014014/5072/0012498/10708/03852/9677/9774/4022/19653/11784/7319/5555/12065/7614/3742/9393/17751/012412/0013838/8004/016345/19840/17625/014668/4828/008789/0016104/16/6214/18341/0018287/4595/019550/0012899/02996/015914/0015738/15911/12977/13335/18875/08018/002827/5115/17629/15694/09953/0012964/5010/19698/14730/0002336/003906/18074/0019406/17686/6401/9755/016806/13037/0018803/4525/11478/0008609/1981/18452/01026/4211/8423/9699/5079/008493/3087/0017795/14613/13143/017737/10137/0772/6644/010224/12836/13495/10490/19463/14252/12509/0011662/12818/8759/0009407/011238/13437/0013497/0011858/09696/10264/450/14436/18229/16924"
91,"6674/2943/11652/0008940/8980/10920/00324/018482/17567/5639/0010982/06895/14868/7647/06519/17786/008835/15378/14167/6795/017961/0013262/464/14954/0018314/14081/002273/827/010352/09734/10730/5617/0010128/13564/1276/09843/11690/0018781/12818/8887/93/005486/01264/13962/1607/016672/2170/011840/012652/05132/7344/0006602/017947/9368/004019/008310/0015902/002864/3375/4897/009554/0017011/0013940/7385/0017728/12516/7805/018093/12996/18936/002812/3999/14810/005603/02485/49/19196/11094/4312/017030/12991/0018228/014711/1585/4222/07872/18933/15504/13566/13538/9958/010230/11861/17155/0003699/5333/18048/006152/008802/19458/9340/7499/16009/4049/10384/0009662/19050/0019734/012130/13579/0016964/09187/9501/555/13739/0011966/0011568/10850/8604/5524"
92,"10204/9305/01030/225/05490/18893/14999/0012246/10791/0005341/05149/0009608/10841/19286/008601/019206/0001589/004338/16132/9749/0017344/019473/0013884/019866/4905/4495/01187/10171/0018313/003935/14134/009727/3179/11201/16210/16123/7519/0013615/012342/0002473/3209/1968/16176/7604/16517/323/0017126/01318/594/17398/0012567/4594/0003333/0019613/16840/0011432/0014041/18005/19129/14118/009003/451/010215/2483/10193/7978/003626/003694/3657/003647/16641/12196/5117/03633/012798/269/11613/5842/2448/16467/14938/9154/015248/12902/17924/12775/0015781/00992/16266/18168/6814/019532/14876/02893/001606/0014573/1162/017273/6201/012745/11343/11365/0013481/39/13865/3692/06449/1560/0003605/6279/0004833/13744/18568/16818/12993/001739/0009757/17960/17888/15853"
93,"0013984/1418/1587/12723/10619/0012231/0018431/19479/4535/17374/7065/5041/12264/11007/13814/06939/227/5438/9488/4424/14095/00066/14419/0016548/3344/2342/015055/014511/12389/0012990/13376/8125/001000/13458/009152/5767/0012644/0002570/16895/11564/14632/0019044/18409/015362/14090/15188/008409/0016071/005571/2465/3049/5123/13686/11475/0013674/5578/16453/6352/14248/011334/6209/710/970/18445/13072/523/08334/6638/016134/14709/12890/7831/15140/4486/1915/3541/19173/17687/0755/06437/13510/18942/0014219/0016996/012341/19558/5692/0004075/0019293/01413/13576/007366/018870/15321/1706/9470/018429/04324/15296/004827/602/0010999/3285/12703/5934/02685/14318/13541/3715/06255/2558/10118/7376/5392/6942/11925/003286/19440/7660/009014"
94,"10727/15498/14467/0003762/011558/0001224/12445/016470/07686/11948/14875/0002643/009815/0006647/16961/16591/2524/011042/015026/05212/0009881/0002971/14942/8896/014943/007787/10981/0013906/5201/16500/011725/06729/0017174/2126/0008565/17371/16729/11028/15041/1614/05423/3660/0014069/019839/167/18874/8620/17040/02350/18675/17484/13081/19696/12942/0017253/16011/0016916/5080/14422/0010768/017068/19951/15524/1227/15556/007302/04930/0017754/17046/10604/7810/00981/7742/0016861/18056/0019420/005687/3595/11433/000745/2728/0010277/6363/17490/12041/10070/5657/011687/08442/8115/019455/08430/0016380/12119/0015618/12380/19038/1802/0006227/19779/13580/0014385/0007300/12972/18931/7776/03669/4918/3500/0007386/0016378/10456/3387/6931/0010620/06419/2063/0012261/270/8377"
95,"12930/4105/2069/19968/0016712/018137/0014415/0014183/0017089/05805/19979/016896/02373/16873/04132/0013387/2296/10077/0012232/05699/013203/14901/8892/7697/7785/2409/19373/7239/9163/08557/5775/018935/0003273/12860/0017668/19998/10729/0010143/03977/013696/19080/011079/06703/16352/5751/7005/17942/12188/5755/03761/14038/09791/17521/500/61/0004073/04734/983/0011536/1605/0017768/0006912/19385/018943/0016932/0011932/0008882/342/0006746/8179/8937/0013063/02180/01045/018189/14074/13590/6075/10008/02167/0006335/8574/4404/6414/011141/5545/9672/1415/07867/02419/13096/3328/0018200/0019059/16446/7356/9613/10994/9134/10455/0010405/16737/010574/012436/952/005752/14848/0007207/15536/0014063/8981/2077/15731/3614/10612/12843/0018268/06618/0018991/019850"
96,"2287/10507/9525/6378/15910/012408/14161/18771/2815/0013426/14988/16619/03697/0003198/0012880/0011543/6562/0355/0019106/029/0018446/4520/9332/18807/9777/2/04703/5884/0008448/8812/02795/01216/9201/18151/1678/02383/02905/15578/4117/1460/13455/11173/16358/0019510/7251/9234/0016681/05508/14482/08945/7441/0015985/0009742/012878/15654/4077/0551/011226/0012487/14129/0015754/00560/18752/2948/16238/14317/7446/5223/16612/017337/09447/12304/0015873/04906/08285/01529/19284/12836/3724/18/2800/17005/0018837/019854/04403/13448/007071/8118/438/19280/007213/15444/019123/6802/11120/0947/04671/11707/003322/2760/213/8768/17027/10781/18441/17124/0321/007263/0018811/0012396/6665/19358/19276/08686/18672/0004509/014103/18705/0015229/9591"
97,"11313/1473/0003514/13256/01844/0009411/05185/018767/05500/4729/9889/3369/2783/6472/010359/9186/00537/12337/19372/689/4848/015606/0015697/11797/2854/13099/136/11167/1564/04590/2397/8713/1666/259/10950/0017640/0018972/011563/018206/012585/012012/15351/3923/18026/1591/6331/18511/150/0009487/14429/12771/017272/0019759/0018949/7027/06699/9521/12940/19424/05975/6468/014873/0016177/3973/06641/010086/5006/0003744/0427/07658/15142/01381/15242/019261/15630/005402/0012059/0011866/0015131/12496/14165/431/02788/0018317/0017509/0002276/5600/075/04341/0006438/17072/7093/13116/19189/07784/16082/7635/7859/0014105/006690/03338/00924/0003377/0011459/0002924/14492/013146/2138/13645/005721/05429/8462/0016564/18643/18692/0004216/16955/02945/9986/5723"
98,"4838/014042/019045/010142/4345/0004071/06261/06580/011295/0014633/782/0011181/6693/4450/09038/2806/001810/08286/7912/6653/0010194/0007641/013878/13543/1484/0011954/14971/10012/002033/14653/012675/1545/0015500/0010625/7661/16096/13881/4021/12776/01985/17608/573/019799/15690/11452/006890/8545/15473/19790/8500/4637/003250/4969/014215/0019438/0010279/03620/1851/11073/005856/9135/5921/0013705/8206/011939/6997/15655/10450/680/13875/3781/011047/2705/006896/02918/00265/13211/14566/016765/014274/13656/17761/6569/3137/14895/11548/0017179/0014224/013729/0008049/012529/013886/17516/0015849/11488/16328/005189/8836/4979/16910/0017289/012124/007563/012183/0008528/02761/9543/6770/11406/7495/5378/0001628/016992/016029/5596/019885/000308/15703/0011254/4104"
99,"9594/6466/1884/0013209/08011/10804/2596/0014432/534/8539/05881/004829/013772/4078/11602/8805/3951/016437/0001393/000226/12470/014929/0015695/004198/0018462/12662/17881/04962/017646/001430/9156/9957/0016121/9728/0012063/05441/11891/012363/15528/010073/1918/9446/0297/17909/13610/6946/19611/15799/01673/012381/0016174/13746/7365/6163/7955/01720/10983/14411/19225/16842/5938/0013274/13332/10390/17816/0016569/005509/1200/6544/12127/0027/5820/17356/0013666/0018962/0016204/16209/16094/0016092/1038/04534/6561/014843/06269/7673/3006/9299/010005/6346/0018854/13390/10521/017623/19195/02852/8568/01150/009570/011251/0011092/10357/014650/1269/0015220/8592/3407/014391/18606/0063/11276/8913/0013368/0016205/17839/010055/18596/5984/08991/08706/1812"
100,"5175/17982/0016385/10472/03565/04204/03278/00884/10866/4046/10882/11510/0010415/012437/0016877/9814/17131/7223/16673/0018727/011462/12978/16986/754/0018968/5917/0015776/015984/18046/0016670/0001270/000575/19249/0013304/007184/8544/18946/0018400/16017/0012602/014784/011672/4434/15141/3736/0017683/0014267/19651/15710/8752/0014133/8905/019754/04136/08825/007585/9708/6350/2987/0016624/1999/003615/002240/0015788/1526/15452/5053/4740/5688/13289/015491/8813/010828/16957/018975/19765/0011756/677/007888/11068/013534/16615/019285/7669/016097/014882/4536/011264/11522/13993/07078/8033/0011605/17663/03079/5107/0014027/3508/03904/2847/14957/0013154/006885/004613/07968/0019526/5802/15805/13671/351/8711/00897/0015448/0019005/009130/04515/16510/8482/013227/5738"
101,"11015/16815/16116/0008281/00386/04225/5697/13149/02100/875/16171/7181/018614/1423/009967/12576/007766/3749/0004394/017211/8675/5359/017950/291/1060/15629/4247/6044/1275/019010/03527/17065/4126/0014808/0016024/14553/598/867/17990/17471/003233/015674/019630/013445/13897/09260/1278/018785/13413/0010974/14277/13406/8597/04389/17358/1969/0015200/14892/005568/0010704/0524/014515/3144/4352/015384/07324/13487/7540/013554/5388/0010312/0017205/9421/06129/0012731/15898/18633/5120/0002762/11637/0006148/0017108/9065/1936/0007883/17561/17968/18267/15599/07174/14571/16192/08477/789/0014053/006142/0017352/0010219/0010093/04949/3993/6026/005361/0413/17184/7347/16471/2977/1835/16552/0008780/17966/9601/09989/18698/006964/5609/19069/0017819/0013214"
102,"02555/16243/6017/0019607/7770/18814/15607/06006/0014894/014182/238/6764/006045/0016649/0012384/0005191/02056/0010124/011746/0019728/0411/15812/18393/12020/0012507/10468/004502/08670/002896/0019541/12552/0015203/003389/09336/15016/004001/2205/2410/5791/016113/17717/14941/3353/014234/0012286/8946/0017823/003499/8724/794/5981/6033/5148/009259/011972/0008615/011883/010267/3589/8203/18021/9739/10675/017518/002793/0675/017901/8688/6685/0014857/0000783/10724/6800/8595/0008260/0014985/07679/2747/14618/0001758/06288/015061/0003323/0011244/017328/008461/673/004800/0017762/15008/3240/0011819/8765/8282/4538/009549/013668/18440/12417/18756/16459/015154/10069/15416/16762/16716/003624/015436/17691/17325/4210/11657/0015881/0016203/6126/018134/03989/15367/8511/19205"
103,"2055/11804/0016960/10554/14101/016634/4125/5997/004831/2274/004448/017071/003036/06243/05118/0010777/7508/2196/1217/0048/006759/1465/017992/14620/010970/927/008134/13248/0017339/17681/0018303/013354/14470/19776/019359/15893/004730/0013142/10990/11998/248/4171/12623/18188/72/010273/12032/14520/014343/6137/17609/0005258/757/8725/016028/1242/14057/06799/018601/19266/9900/13172/17475/07890/0017017/252/13288/002890/8183/17323/006117/6820/02073/1669/2907/3013/02076/0015992/1685/007483/14880/3926/18350/06150/2678/2036/17366/0007957/0011423/0010465/13652/2610/0010876/18172/0014788/0015263/4335/2047/135/018421/01508/9098/03927/018260/08165/0015779/5367/5834/0017326/0011701/446/5851/04687/1775/0872/14037/13841/4554/08828/4663"
104,"4160/8834/08633/18888/2781/19548/003568/10222/11997/10166/11807/6709/4705/0013195/017232/19265/014065/17455/11067/11125/002142/0012392/019423/001698/73/0018966/1778/8525/14544/15326/565/10824/018753/12809/4823/0002548/0017294/0011610/07587/5702/0011768/0003071/2533/13770/1898/0014708/015756/006280/0015720/02094/0012068/6658/0011364/0018658/18762/10805/6464/0012221/0012994/17434/013830/09494/018353/0016643/03817/4601/16610/07731/10062/2982/0014442/11675/13386/0012875/1358/0010063/1355/19825/009845/8602/14502/11580/17877/0001234/16789/006984/016362/9227/7457/12870/0007083/0013501/216/0013188/008024/2304/18217/18055/09872/18125/131/12330/017669/5933/06862/16444/0010022/016706/019668/0011941/02426/5716/3226/00553/2609/9424/8117/10502/07233/0263"
105,"14295/0006242/15451/3318/1840/19282/0004426/0017809/018169/09327/835/13228/16443/13973/0018113/9317/13948/008415/3178/0000635/16711/16271/19241/0019647/9690/017315/16456/03237/17388/0001822/12616/003611/012757/14606/014337/003159/0008705/10027/10603/019405/123/0011108/07337/3895/0017024/005958/08541/3126/9296/02471/0017520/9094/12313/019182/009001/018554/0012614/0016371/18258/005663/0019275/0019003/5964/12674/01719/5033/6787/0009580/0016110/6190/011719/0018197/00202/5731/17363/14416/05380/08538/02910/13631/14925/0006314/9852/09897/0016226/843/13271/011024/012971/15628/0011728/12673/0016431/2179/2870/09/0017847/10233/10889/0019862/0019459/13999/00378/005164/08047/0010291/8919/00514/0014734/2013/9257/004337/9693/019935/563/19917/0015804/19819/0015765/3729"
106,"8976/735/15103/10036/2178/0010048/9524/10208/1044/17931/12088/0014397/5623/0019718/0003376/13218/0144/18714/19112/0019390/19033/14889/11431/0015099/2902/7860/15577/0004974/0011801/2979/006037/16609/04556/19093/11969/18002/9313/3223/0005926/13324/14746/02509/15297/011706/17069/0018068/0012210/3755/13946/3784/403/0019780/18740/04503/0010366/06551/19689/4758/0018693/019745/017644/11310/9921/8108/001412/0016898/8293/08099/10148/0012229/0010287/0010568/6578/17994/4973/0013036/7262/00402/019273/0015211/6635/13298/3688/16953/0005335/12328/2182/19291/007590/2906/0002585/6733/0017883/08160/5503/0002022/4250/13430/10925/017300/0016163/0019899/0626/014883/0861/3950/019971/019637/4333/12418/5654/3163/990/04212/02498/10756/4875/19216/16488/5950"
107,"2010/02897/011931/14705/00111/9922/002084/0003402/11686/3982/12512/0012316/10926/0013749/6924/15179/3298/13565/09006/015105/0013453/19430/16341/410/12839/004053/0012684/18640/0008572/017013/17515/9895/7826/0018227/9840/8748/4137/13783/2439/17493/0015838/19365/03/9254/13061/17329/0012808/001539/15760/008243/010039/17588/005601/4020/019804/0010754/7089/017580/5364/016866/0009637/0015833/19244/014909/1660/3015/8015/018000/1203/14946/11381/8246/12523/013845/01818/07107/11820/12528/08952/0017205/6252/4931/001629/09829/4301/15204/6211/12632/0016787/3938/07325/019298/12307/11347/06368/5774/12907/005957/0016589/2605/01156/0015598/9966/05742/0016056/013159/6836/0011977/05959/03687/01857/0018673/0011306/495/08861/06052/10499/0007465/14854/0019434"
108,"5718/4167/06948/8339/11223/14838/13849/9063/1074/18726/009342/12475/017470/13136/06043/0006478/7490/1391/012815/09211/279/3132/7014/0369/19586/15371/5620/01572/347/15847/7274/19264/18245/9621/4113/5253/9070/03787/11424/9710/4682/0014296/10596/0017552/17053/5807/12617/11950/788/4508/0007235/04154/15912/09717/06965/0016193/09460/0001952/018233/000125/10851/5058/11473/13822/15043/6388/10717/6456/17563/2518/17199/002288/006933/15402/11097/15148/4608/0011765/210/0016620/000453/16412/6025/19624/12431/0016294/1258/0012072/0002242/12834/8958/00504/17884/19772/017386/6796/2443/011189/12696/7402/10845/0013225/07082/2737/16051/0014072/0007072/190/03303/0010553/1019/415/06027/08263/0013460/005779/007687/16856/25/3271"
109,"0010167/07045/17643/13108/3881/5451/0005754/16145/5314/14902/03435/19580/005893/19697/0014587/8870/002058/10695/13118/17584/03044/2133/17084/8029/15267/0011055/013052/14490/0019756/12472/0012676/10007/11844/2468/17194/0011636/0019346/001463/007459/015206/01416/019684/17370/10547/16376/11975/4244/010900/00442/07124/5906/0017454/13311/15975/5187/9866/19578/0005020/16410/7011/8133/07204/3088/0007138/0015800/012105/2832/3383/15332/18645/2813/0018338/16224/19564/001165/7492/15445/8762/001180/003127/0000580/018247/0002017/04773/0019369/12150/14801/6935/04529/18332/16185/1690/10064/0016927/4181/0001601/0008475/19417/19322/08894/0009548/005659/0017353/03843/12355/2951/18579/16769/016858/10645/11008/14973/0012610/3558/6672/16473/8086/2009/15856/003214"
110,"07768/0014717/019095/019857/11176/005761/015966/0019270/15795/8832/0004966/9974/13690/2708/003745/004770/18907/14446/0018940/0007636/0019789/19826/012679/006725/0013524/09993/3118/18145/09205/3082/8515/0017447/10260/0018947/013009/0018288/16019/0004872/4787/13952/9164/17399/1961/0005923/7610/4689/13183/16320/11492/08508/0006198/017596/03815/3659/12000/1753/01905/2532/0017586/9586/009626/09745/16382/0012425/11195/13620/002692/14239/17271/11034/6852/0010656/006457/16846/283/18995/007825/13192/006736/014530/11268/7938/8550/2501/000767/14444/07/05143/09028/08252/0014113/7162/0002472/013628/016497/0018898/7362/08425/0011217/19371/000458/10682/12488/0012605/16364/13530/01951/3845/1563/19053/9722/7269/740/009688/11919/0002190/016514/3474/10644/5892"
111,"00478/16242/15672/15751/6982/0014956/0009831/08070/1017/004023/0016688/011749/09803/3893/758/12938/16738/10299/016303/17464/08273/018044/011794/13616/9248/008947/18087/15088/0012423/12376/17141/0018667/06860/019843/2264/11921/008866/14144/0006223/4079/19330/018395/10739/0011710/3497/2417/0000203/141/011266/0013734/0001648/10286/009383/07399/0019650/004377/014307/010461/12690/10379/12449/10810/0006451/0010411/11206/009646/03623/0007985/018695/011534/16498/18832/15291/00423/018054/009278/18164/4657/0010698/15031/12244/6966/5196/8920/19817/0015076/7681/016022/2463/9385/17228/10195/009147/4772/0807/5273/12140/13730/9171/10592/105/16282/010080/13754/16013/2517/0014066/001794/02075/7470/15705/0014193/16222/0015231/17423/005483/018297/4439/0011147/01518"
112,"10532/2030/9043/018484/0008102/03367/9948/12829/016085/0015287/007125/000452/1689/0010200/7193/011697/19503/009008/03203/6344/16750/14558/15251/9596/14241/10269/0008169/18053/15007/8075/018847/014159/16894/06275/9508/10853/0016197/11046/04623/008126/425/6840/02562/008249/0015207/11250/6847/11666/19082/0001309/2007/12649/15461/01498/0018380/09538/16407/0014829/0008393/0009166/14541/7602/18296/18128/3094/16250/14778/11846/0015926/13680/17508/0013517/4811/0016276/06632/015620/19006/014657/018006/101/18098/7311/012357/0012665/2215/0011973/002106/005648/2831/03905/7242/004575/0009523/11584/0001701/0013551/0019824/006166/7961/0017162/5576/3722/9018/0015746/001556/18944/15670/009348/15454/9729/0017190/0011507/566/010512/03561/12768/6598/19962/0008553/0001872"
113,"010575/04401/12648/16999/14600/0013536/09609/07857/002464/0007166/19067/0015167/12777/8006/01536/8460/10112/18218/01507/09490/7882/6673/18322/007202/098/0014319/004670/17239/2436/06424/09089/011397/0014752/014408/18982/14409/9816/19375/0013013/05315/0011133/0018294/16124/00764/0012639/001310/06991/16369/1692/17451/0016722/13653/642/003027/12840/0004284/017571/01173/7531/04099/00490/3537/14253/009643/17182/05368/11484/18198/004111/1133/0016402/016541/0007503/07477/06115/2792/17544/13280/05886/1697/18495/16800/5112/0018512/17220/2689/0011362/09170/008640/19500/16703/6554/10862/0011240/4243/11787/09173/14561/05260/012225/0002752/009557/6722/0018291/8995/05147/0787/001251/005788/19126/8447/5517/17079/0017408/14686/11646/0017115/2096/0017752/00694"
114,"0018114/1342/17740/4040/004112/017257/010183/004553/17293/388/1908/691/1682/12539/0017226/7516/12333/16725/14455/015869/014510/1290/0018223/6138/17715/6106/011275/0015662/01404/19436/06313/002388/0015343/15516/7931/006018/16708/0001422/08346/017822/0019019/14932/012208/17848/0017121/6575/008001/0015395/15920/3789/18362/01744/2622/14505/6781/0005298/19197/03005/17038/9507/05428/7068/06877/0002209/1117/0014067/13693/8841/17779/3912/6441/00886/6103/0010159/000526/0015530/02787/7471/15187/4074/10090/015390/017938/3310/014766/0016190/460/0012250/05940/18822/000338/014371/006396/3121/0005797/0018802/001239/04133/16165/0011187/9770/002353/0004487/6940/18292/17639/02513/579/7122/0011987/16223/0007290/13557/019115/0019729/2380/16299/8566/3397/2880"
115,"008028/9184/19693/06184/10939/18739/18911/015323/15573/019716/7313/0012910/8274/001244/05095/0018823/011222/08052/010800/0007664/0001917/5422/0774/08270/7296/18426/0010302/10720/0017504/5764/012274/1386/0018590/4221/14825/15645/018036/0005736/012709/5199/13056/003650/9970/03805/10213/0016206/02011/8030/14091/14981/2569/12653/015040/16415/0610/18743/19588/2002/15485/0014493/0007803/4149/0010346/36/16973/728/16264/0004933/0659/7786/02589/0001724/014031/4531/016297/02640/18261/0008935/19186/2199/13763/4668/010478/11090/4269/12153/16160/10637/5270/19161/0013375/19940/8147/3039/05051/16740/10296/00946/3164/1903/5983/0017780/05806/016897/04423/17569/1468/05947/14649/18766/2438/0013545/0011523/16182/880/14412/3972/4396/9159/09983"
116,"019171/0017937/7236/001696/009893/0018851/017541/0017696/007580/0014748/6276/8949/2146/0007605/0003619/005288/954/07276/08498/14386/010045/0346/18993/015591/13021/14781/0017498/017428/3281/18388/010414/003501/9161/08378/0011923/006042/10410/0010846/014635/01213/7901/14225/11521/19723/9394/06392/18110/003572/008135/001654/0014476/16425/004944/008923/11704/1576/0002786/17985/17802/896/5332/0015773/11999/0014199/14351/12303/4968/3625/00140/10072/16733/11071/015244/018065/13219/5066/8631/6633/0013673/0018359/1939/03786/15551/16536/014174/8413/0013318/5581/018850/1630/11404/18670/13041/13721/002422/0017685/15810/13820/0013958/15098/05781/1907/013715/15358/12508/04108/12886/01657/13341/012763/06171/017532/019761/010283/7847/0014059/2358/19891/06309/18503"
117,"03073/11436/18010/4655/11770/15292/0001343/3130/03484/13459/014/4121/6116/627/12166/17735/16657/08275/0016998/1889/011451/19343/15678/0007601/3058/07206/8465/11600/018508/8048/006054/0019753/015900/008139/18025/8427/629/11908/3640/3899/11860/0011101/0016232/0015151/0009846/17361/16737/43/04474/004139/8931/109/015750/18615/6349/17722/11356/17529/011415/1902/17477/00837/6579/11319/0014363/19154/5376/0011031/13003/0014082/16485/0018527/0013402/07012/0018649/15318/9102/10523/9748/19501/5604/14538/0006207/005684/0017482/16074/010370/1832/0009877/0011054/0009430/0008581/11203/1243/08/07995/07699/8872/15717/8751/12294/17377/014439/18855/16188/014935/011648/09246/0010345/0001168/1994/7026/17875/014926/14907/014773/230/009364/3782/09280"
118,"014770/13313/16679/1294/0010152/3638/8092/011006/00716/17042/9121/0002189/17873/12688/000933/0014866/0005455/017254/0011298/10316/7524/12571/003451/013232/002619/6590/01644/19652/8865/13697/001119/011305/00436/5953/15385/1502/12017/8479/007156/4878/3597/006689/19046/0007241/9181/9272/1793/18127/332/0544/014599/10297/014575/019592/09798/0012828/0010737/9633/4277/1855/0005484/0016108/17159/11607/18840/8318/15818/0018398/005661/008797/12374/18090/19383/0015574/2790/013899/2278/09190/15093/0010246/018921/15569/017412/0018479/5069/0008220/4528/12493/903/0002706/3996/013438/17018/8483/18952/18149/17206/6779/17661/17215/19565/15616/012352/18099/9736/06130/19210/09472/16759/008257/0011796/010731/005669/4971/0013970/350/0012597/9950/08221/05488"
119,"0012974/1779/001261/8146/0000157/02846/12711/3464/12970/014204/013371/13720/008788/0010836/16908/015634/6008/05481/15566/3588/765/012772/05841/15255/16472/06712/5608/18523/5986/11780/0013801/16006/01726/5005/13728/013263/03078/02103/9502/0018686/4039/0005711/5896/14970/0017997/4611/011414/015150/0017465/0567/13473/6371/2888/2221/6914/11933/17195/8772/3571/0033/8173/004274/6246/0018336/9726/0018061/1712/0014656/002693/9380/015422/14931/0001514/18063/6426/010097/0013893/08660/16487/12360/16503/19570/16450/3587/0014597/9015/15666/0016990/11035/01998/08580/07674/17433/18159/016531/0018278/19245/233/8100/19071/009705/014494/7576/13174/0016075/12262/5972/15722/4014/005046/0008269/03738/15880/019015/0013379/3194/10948/16701/1116/1525"
120,"14471/6084/006291/5236/6592/17699/00168/2204/012270/3700/17394/0011382/19695/18463/03289/005180/0014718/006066/12838/17420/019319/10651/0010173/10670/0014661/008451/0019226/016068/12916/007498/838/18639/012340/04470/009013/017732/04615/1055/3765/015586/016285/5801/0015063/3532/001731/0007717/011847/2032/04917/0012837/2909/9624/14140/1504/019099/013949/6120/3985/13383/17324/14162/4738/11808/034/0016053/012658/0017100/747/08611/17577/4134/0012263/16761/18747/015596/15899/4254/005991/5278/009628/04334/2233/18529/019662/5418/13648/6005/2476/0005090/3099/15005/19966/19428/5837/4813/419/11699/15895/18123/8233/7520/03520/3867/17200/8007/9807/473/01897/11810/013603/0008428/0007352/6238/7557/015271/8792/19810/0010827/12789/001285"
121,"05410/04131/08652/14211/16178/10666/6838/2327/9892/17436/0014765/012257/0013769/0015234/15821/0015346/9515/570/2060/19268/1076/0009661/001979/12091/12784/11949/4991/019318/10763/016078/07775/006135/11798/9668/001708/12260/6989/8148/6493/0018846/000891/0012115/11976/4954/5365/0018150/015633/18219/13925/018731/009320/17764/0016602/6508/01943/16325/4273/2696/016496/6785/6919/0017803/6305/6099/0001784/001717/795/05558/18375/0012517/0004747/5271/05240/2819/0017196/011048/09175/004378/12410/19353/009878/017792/19061/08324/1780/899/0015233/5015/014749/006537/13920/16356/11865/5666/5515/017469/0016529/17948/6648/02095/018836/14944/302/18202/16483/016727/9172/15429/10436/14518/05142/07260/004647/02940/08924/13285/04592/07248/0015550/05159"
122,"0012480/15874/1427/0010043/214/6233/03215/0941/019926/05931/08195/0185/2727/0042/0010545/9188/4026/0001687/0012779/06850/012937/0019484/6589/4635/1411/012228/2822/11228/2239/017977/17899/11059/016926/19677/03391/07735/18466/011082/0012467/0016662/04884/17445/003804/11088/16057/14198/1040/016825/535/0001250/1308/3856/0019675/0006119/7279/7119/12774/11130/10486/014058/12740/003840/016127/19872/10480/0005942/14254/124/9107/12045/013506/9730/12729/16199/12473/0007612/0004935/07227/3754/0019781/002379/10470/6413/17861/18919/0005177/003275/0001316/13907/9819/0011924/17522/00706/11297/1491/01108/015325/6384/01120/3433/11018/0016268/19950/6012/5328/0015241/0014049/15673/0011386/0004461/12761/5323/010960/2972/9996/6069/0010860/18786/12184/8386"
123,"6837/17710/000175/005698/00345/013514/0017535/15967/4614/0007749/8185/2534/7561/09475/004287/2718/19655/88/13937/16595/0017485/5830/2168/10571/19247/04621/2508/0016480/08853/01777/0009615/18923/11118/19453/0014132/19894/10587/4814/03654/019259/006231/0015684/0011122/13161/19638/0013823/18941/0013633/016126/9590/012931/173/07147/6872/0015728/17538/007849/0016115/07095/14849/5537/011803/0011743/18367/5192/05398/18970/1179/0017911/313/0015979/2805/016426/0012519/18818/15780/007092/16406/8778/0011303/016201/019496/7368/19429/5927/05300/18682/05528/14858/019439/010652/9947/4820/5671/018830/05570/0007255/19672/3205/0010474/0017585/014019/0016462/9553/16403/07479/986/19665/07821/00112/0017603/0015376/7118/0011654/10646/016893/17526/0017246/17810/0019036"
124,"10360/16726/7553/08445/015783/0012873/00223/0007790/14529/15700/016911/739/008437/10991/4497/14905/010992/6720/52/1965/018892/18922/6091/0004063/11887/019749/18703/10599/0007616/0017158/19290/15039/6833/1695/0013747/0003612/013185/3629/10120/0017129/17304/1197/18435/016617/16538/12132/07934/06015/13954/5912/0013701/0015442/002275/15584/11280/9935/004192/12862/0005155/4936/03974/02745/8082/5166/476/0010281/19121/16332/4644/4135/8188/003811/005390/2520/13992/6978/9343/0010020/09712/0159/10392/0013144/2028/0003600/019601/017781/0012961/10752/03189/11/011515/0014820/009350/012075/13340/11760/013407/11009/08256/014070/12863/06030/1737/15747/013277/9940/0001912/9151/4794/008104/5689/0013007/10355/09048/15309/11458/1397/0016314/004766/10815"
125,"006784/0008653/14160/2226/016233/19300/11169/847/10957/13471/18464/014501/0007309/14402/7336/4659/7908/16597/01583/07948/0014340/3097/0016520/0012651/5349/001608/9980/2927/08781/4226/18425/670/03143/7577/03894/12485/0013475/04700/10959/8327/13479/0018205/0012693/651/01558/18789/0002567/004818/5794/3757/15305/5251/09113/012401/08641/0008290/14473/3035/4124/14240/09408/1904/013683/18467/6944/8770/0013646/15096/0001544/3147/004316/19969/12190/5962/8262/12402/2400/010059/001547/5590/0010318/4777/0010164/1534/09275/012142/014102/05312/5093/3225/0019055/2346/8808/18744/2768/7430/05272/15114/4343/9737/09513/13777/9793/0019688/2649/261/13260/014800/01950/15792/0015594/4737/19898/9999/07388/16629/10314/1146/18344/17845"
126,"09932/0013605/04801/13812/0447/0002595/5248/0004919/13398/10533/04566/6326/0017213/04586/19119/6655/10668/2543/03398/9157/0010475/2995/0018632/0015104/9168/015576/2238/014728/01341/0016553/10276/19667/0010676/1252/12718/18274/14266/004532/10661/10463/0011569/12587/11205/05541/422/19028/3808/18373/3000/07949/16236/15194/2394/007158/0018108/012367/0011894/133/001142/0854/4642/15734/01595/222/9561/18173/0008093/0016887/0014937/004299/6696/019208/17806/8846/011978/0010593/01505/0016826/12864/9998/14644/002674/876/2733/01988/13286/4011/0016899/019508/7427/06259/3468/9267/6357/009588/3325/12770/001327/11499/11767/03173/0019234/0015168/9359/004430/5101/0017999/14400/18540/04530/17879/7963/0005867/013766/0019456/17634/11045/0304/9353/005009"
127,"4825/013623/0008333/19794/0012457/0597/018449/3641/3586/4965/06977/1425/8077/14551/18623/3284/0004886/017432/15916/0002348/17866/5531/1177/17510/09216/07967/16671/04984/18969/0001102/14025/8930/1566/13348/2488/02960/07152/7927/008278/16558/003191/19162/14762/3828/1222/017438/06905/12309/18355/01860/04347/003988/7468/0016336/0004047/0014891/0016864/7606/17936/18856/246/0015205/05062/0010655/0011075/11196/1043/3090/017392/19021/5443/019251/004610/1454/1916/4452/06516/0014282/002743/16254/09856/10016/0012594/0019413/0003248/07930/18916/18809/13651/18994/0015543/8051/12007/009148/009118/06222/018977/0019008/0018595/03045/4002/0013642/0001446/10322/7378/18826/0010019/0009676/19086/18283/05122/5276/14777/14580/005061/2974/6971/18496/0018945/0019700"
128,"17435/17559/15133/0002961/013981/0019203/019694/12807/011427/014377/16416/03349/03171/13568/0010338/0014424/1475/2821/12949/19919/0019068/0012546/01761/6731/0010365/017514/5823/0002988/09198/17975/04010/18199/09654/018587/08391/0975/0007976/018517/7533/16002/015986/13297/4873/11974/12103/012456/9433/0012078/2878/18678/14516/004093/13688/2474/0013889/2717/016543/7564/16598/17837/014035/0016474/8422/15221/0009555/17441/10431/15069/7624/7918/6071/0018558/005208/14016/0012826/879/2227/001623/0078/0018805/01479/016995/9129/14339/0012300/5903/10680/001750/02389/015752/15410/0010788/12811/17062/6153/09532/7103/8172/3330/07129/017777/201/004336/8193/6980/0007578/14751/0017692/3462/16451/0235/2247/005584/05043/00721/5624/15771/4400/03613/4576"
129,"8340/8714/0007889/000648/019380/2767/14887/014948/0004445/0007128/6425/0018360/004859/16277/7091/14685/315/8315/1813/8710/917/4217/4429/11928/0013808/5999/015329/004582/08245/19026/5284/5035/668/013369/0010325/14271/4798/05336/6845/9265/007041/0012131/1154/5083/05844/5660/005952/4929/0010054/02933/19947/0004714/07339/0018710/019888/009128/00702/18939/006298/0006380/7773/012077/0001742/13101/2320/1806/0019687/9787/1919/9024/7301/4302/9901/0012093/10021/004123/0001023/14303/8734/5872/007730/6571/16393/5108/13592/5176/3826/001371/018403/009898/06765/09871/7708/18184/015590/05778/100/1815/6272/017172/15183/15453/03412/006506/0011509/00103/0522/10749/8826/011085/017234/011131/0705/11598/19527/12366/0016349/14693/10907/1541"
130,"014815/0013002/1746/9051/003553/5760/00915/007627/6763/0019676/12767/5611/6173/010818/18938/19732/5472/0018861/017986/11839/3535/5769/0007952/997/012726/007493/011003/17503/19886/15181/06735/19711/3774/18835/0013707/14563/02848/14359/11212/017021/10378/18505/19349/17238/003673/2671/001955/019076/0019329/0011454/8387/14186/0019752/3750/14659/011572/018551/6486/949/019841/011718/14098/1543/02970/5583/008975/12258/0006286/01394/16283/19308/9818/4005/8064/887/12914/16917/010997/000444/3545/03596/018621/14585/014667/0018096/0011715/9068/016183/2861/18474/160/4802/15554/008439/1494/2729/012113/9365/0011577/11486/8214/014834/016651/0011107/127/06382/17151/12085/1766/016337/0019376/010409/015166/0012562/17403/002942/0002308/17362/8864/0009397"
131,"0019770/0019200/0013964/0018654/121/0011089/6080/11281/0019551/5642/0015824/0016122/00306/8630/019509/010032/008723/1522/011197/0018316/005088/9375/017150/0019784/2540/2109/07634/9520/7372/10098/000022/9116/1003/9908/15272/1679/01811/004241/12104/08382/011833/0010834/07685/18544/13803/0018295/16014/16891/0003631/019132/5753/00616/009480/013127/019146/012691/11674/3648/5796/14114/12322/12936/008787/003063/15372/13927/14148/018910/15015/7228/10035/0015957/0011703/015029/10822/14305/11153/0010562/0012590/004622/2081/3081/6048/6193/8563/11713/01549/18382/015111/012353/014987/17083/7791/0008685/10187/12669/15312/14855/19145/3288/6365/016375/13895/4460/0017439/7358/7407/011599/9450/9357/17524/018013/0011312/015884/0012037/10879/010421/009979/013703/008664"
132,"10123/08452/10634/8897/005075/006969/3008/5168/1202/005564/0014131/0018721/18661/14251/7259/02546/19047/7549/15544/0389/7438/05607/5151/19263/0010624/8088/01958/4579/014596/004081/14001/019449/001870/9899/0005154/1123/0005282/0015306/07275/9387/10014/0010445/0017562/0013357/12543/6528/18883/488/0014147/9852/12474/0003981/016257/7851/0018546/0007291/014994/012941/0011412/14166/0019587/05715/0017418/13994/0010417/05454/16934/0003544/5656/017385/6167/13442/0005219/12841/0014202/4161/17900/3335/7706/004051/1031/13818/4029/003868/18475/0010874/4455/7316/05453/002042/0002594/6168/1104/8083/016361/14023/06355/011528/1443/3986/015258/0019537/011792/562/0019408/17929/0018841/11321/11422/0019447/9288/16696/3343/14897/5854/3766/13785/14878/791/017874"
133,"10685/0018071/004812/0004024/14539/14012/2391/00325/018742/12181/6626/007813/009614/6278/0018691/8284/08440/01186/4678/005824/14054/05728/01953/0013177/15355/0004271/11342/3797/0017674/6867/00893/5247/1068/8677/05243/15062/1301/17805/01194/0016819/5473/4667/05762/014048/10935/0014170/9965/1604/03874/0732/08438/17048/8384/02587/9684/019303/0003066/011994/0155/001964/02213/9835/1198/0013038/0014172/019060/09933/0017971/013936/016707/10489/4045/2503/015614/11470/9362/012995/008732/10396/14568/4230/02996/06898/0019304/002208/17862/12318/6803/530/015626/5188/0015978/8202/017002/0018651/07036/0017610/863/8489/0008779/017161/2454/012781/0015941/008110/05389/016951/17772/7916/13080/0013450/09914/9452/2265/03617/0014244/5996/13128/0001383/8379"
134,"0005225/008306/113/3458/019014/0018432/12522/000587/01228/17651/0013706/00737/8951/19133/016408/1555/0016080/0018396/6172/13307/0007408/014862/7240/9636/017237/011592/0011330/15121/18572/016419/003767/11786/2124/0018456/0017555/19002/0005870/2964/8876/9392/10951/5877/6432/018242/4239/019431/15424/0011393/008863/0019849/010274/0011214/19615/04559/9669/01888/05668/12178/06612/017091/0006436/2701/07834/010767/010438/16413/009667/07361/9091/9926/3140/006073/5037/16666/16547/0007922/002580/0006374/18112/19027/0003820/15977/0007734/6483/7310/05811/003259/0169/19239/0016460/01703/19007/0017379/0003125/15218/1997/13094/003672/01184/0013644/13343/15784/02575/0010424/14000/7905/9612/8971/2843/1321/13712/0014953/7003/01772/8829/16311/340/19595/5712/4750"
135,"013053/10175/016661/4146/06576/08365/10786/016089/2018/17597/0016833/05628/7969/13819/0007595/015943/0014380/14523/5449/2374/0012504/007460/14180/12953/8955/0014480/11766/018038/9268/8317/10295/10006/05665/17397/0015472/8189/0010350/19435/14197/0017622/6793/008632/001336/15956/07085/0003239/8884/018304/11080/00284/0019863/9291/7654/16198/4776/17923/06819/18337/02593/003853/9583/004788/07218/16040/010766/018453/009400/3832/0010929/4676/6206/0011440/5404/17128/017572/07599/07131/19081/08730/0002174/19604/4908/005709/8053/0008561/009651/005602/011785/0003928/0019829/0806/5025/0012764/15060/15269/7481/013743/010602/004569/12714/0011400/012603/03764/013242/9059/5017/0012898/12756/14754/08490/9377/12089/014403/11179/11945/03427/10528/0019890/0032/013961"
136,"3272/005804/0016859/509/018415/0015178/012945/0015027/8691/15413/15282/10633/15146/0010913/10857/6199/017223/14196/3758/015553/0014298/16582/13133/0016975/012721/03703/18066/4683/11900/18329/012606/10701/1073/9778/004762/19367/16181/03232/15740/12052/010310/0013439/016391/517/17019/016807/16076/10778/5902/0011566/6882/4069/08672/0010842/10630/0012803/15441/709/0010178/016427/0009459/01313/0004591/10743/3406/18116/14163/07911/0017624/12167/014679/09758/7360/0392/4415/4834/018619/017979/010169/3528/0003116/1005/18838/8833/0001453/0012238/0011915/0007167/01377/0015641/7720/5456/15324/016668/005485/4527/12766/14328/11673/15696/2507/0019155/12699/5491/19918/0012205/9146/07062/10966/3958/14034/16731/19708/4360/7906/5792/0016099/15466/8406/4188"
137,"01021/4755/2603/004743/7410/014721/6444/15929/683/0001885/5205/02279/011996/13197/14056/011951/14192/016129/007044/18107/002496/0019269/017259/017168/13207/13049/0011752/15256/0013148/10198/12909/0002775/08248/9851/13097/03169/18536/016590/8977/11373/19518/010601/8473/06239/10058/10941/2803/6623/002330/002780/016392/182/10503/6698/0017582/0004357/17748/12627/010457/13611/003056/19105/4278/0012312/11942/11215/07798/0010914/4351/0016465/0016509/019579/194/0002642/019250/3184/13935/11853/0014078/09732/0005228/15885/12276/013826/0010494/6056/3424/5573/0017479/7932/14738/273/0019348/001808/002938/5833/05908/584/5594/0016746/008693/14701/0003855/010333/14853/08420/5865/16486/0019608/13493/10690/18253/7170/3061/7680/4626/7033/1370/0015219/1332"
138,"008951/0018711/14270/4281/5265/004821/19211/000237/18676/13874/866/9797/00461/17236/17116/0231/3579/1347/15235/009951/014797/013441/019150/14300/004283/18343/5832/5998/3249/006521/019289/11164/18302/10050/016070/0014641/3896/1886/13478/7755/6300/4242/00327/19267/4251/009160/16892/14960/0004353/01831/12700/6322/005326/0005734/13523/9088/2614/0008058/5897/8332/0003305/018204/7431/02669/0019001/002203/14417/17600/05004/1476/1071/19900/11174/6398/322/011323/11593/16037/03644/03746/6481/2161/09562/13748/16338/11209/6489/6783/016492/6101/19531/19043/0011485/013281/14928/3124/03666/015238/08587/3800/19516/0011132/13933/18652/0013737/8085/13767/18626/8095/04306/0011063/5417/12557/18448/15035/018825/017857/5354/014472/11369"
139,"18271/0008510/0006123/0018998/13130/6155/1307/019852/6815/6900/14226/010096/6320/015268/19190/004116/001096/002683/11753/2505/11363/009571/6728/13327/019559/6281/011218/0017381/10735/0569/13422/2629/13035/013022/18547/3141/13901/11993/016550/04082/13790/05549/7845/005869/017525/0012018/13244/99/0003401/014437/10237/18538/005437/5121/12320/0015768/10825/1704/0010945/0019209/439/8311/0010669/018095/013229/0005638/0010085/09995/0001631/16327/05467/016495/15796/0008401/5941/0012792/8654/0013836/359/05678/19389/15613/13629/04768/697/08360/008899/12992/011982/6170/008210/015153/18988/13134/01001/12787/08434/7043/0738/14362/004119/10702/03181/5994/09312/13234/03313/15675/13189/0902/6191/16220/17472/15465/11913/2557/5924/17962/17312/3680"
140,"0354/007921/14886/12678/0019032/004270/18399/3963/2319/16603/4373/04728/01114/0016993/2430/6263/013779/15704/16064/15136/10176/12253/14828/001048/0001941/0006643/10608/14221/14210/3698/17224/005914/796/0001085/0014655/8733/10790/018899/4411/04060/13408/8806/005409/13005/9451/0013073/11885/013432/14581/7308/09579/11165/04035/0002357/015156/264/9155/3148/3506/000510/0010988/14475/0014235/007052/5939/1813/7512/001596/19164/009910/1129/0016142/0004387/373/06879/12447/13736/0003085/17895/007722/007136/11551/7781/015534/4588/4584/9401/357/004444/012350/2175/002630/1065/6768/367/1012/13613/13346/17621/005874/3889/0007153/16086/018757/6967/7194/0399/0692/0005873/0016749/06502/0012802/02889/961/8171/013068/10122/0015723/011651/016435"
141,"0015328/06938/10132/5696/12011/0006347/1082/11838/2164/0016383/2604/0019973/17759/013425/3760/18363/12570/06162/2917/0010066/19644/0002038/943/12852/15314/9485/14112/014975/0018428/0015615/1826/6232/014115/6334/13569/005949/0011066/6518/0001580/016515/12158/9337/2625/04443/0010586/01015/2597/0003279/07700/008159/13817/15440/1257/7318/18366/16262/2525/0015003/3336/03400/2450/477/10492/6934/00845/0017032/1834/0019153/0016381/019646/0007080/10416/0007656/02999/02272/00381/04402/12645/019758/015172/002131/0010003/05795/15741/15356/4904/2411/10855/3421/9427/05183/0013474/0779/06842/1838/326/01188/0018444/006164/03707/2617/13844/2991/0010872/17919/14640/16871/11620/0019327/0008205/005849/18549/0012383/0013169/0005216/7771/016321/14383/14604/17557"
142,"17050/08039/010483/06529/0001435/010205/015733/17003/2003/13173/8906/014373/7201/0019742/012134/19313/014922/11594/12325/15071/15106/0002480/16857/014088/18663/0005311/16259/19302/0009162/8335/002363/0014249/04432/11964/06660/19235/01495/4809/0013397/18235/001670/0009055/0005615/12904/018182/16705/0013521/0012497/00196/0011667/07724/005170/0006499/11824/016445/0018683/5838/7284/04732/018419/12310/11603/17916/00148/3783/16914/9592/1677/0015095/01178/014582/19283/2355/0010660/6798/004151/0019490/4816/1212/02368/0017998/017282/19622/10328/13306/0008657/8194/015443/8736/9423/13544/008322/10563/17545/18166/10888/010084/3119/486/018925/06192/0010711/005695/019103/17973/013660/016227/013/00991/11156/0015025/0012055/4050/637/019149/0005618/6098/03261/11957/2491"
143,"009873/10543/18009/4658/0015210/8161/17844/2687/6538/018277/015831/17791/010650/018713/09808/002183/0005839/6068/8820/17543/0001681/14491/4085/013434/08910/14624/07232/03245/15072/9378/012668/4313/161/010793/0013396/016876/19901/11157/13585/001013/012126/12477/0118/08522/001018/16718/06402/11453/0011324/17530/001533/19215/14483/018852/013902/06021/606/7828/17790/0002836/9140/016318/0016674/600/7705/4739/05262/15415/9821/13503/18616/016252/11103/2719/005229/14735/4469/005798/19017/15115/03408/19409/14334/16757/10715/0019846/05085/2280/12812/6853/015991/013982/15508/19821/16923/0014524/7884/0019184/11556/003188/7220/6955/06108/0012031/0030/0016566/02598/16218/17164/15638/5356/0012702/4797/017222/58/016823/16251/10641/18031/5371"
144,"0007919/14097/004907/5776/0017718/1824/13482/04435/10903/5413/15683/6951/19176/0012536/016212/1599/14423/8875/017378/0010349/007127/17872/2243/4187/03908/006427/0019063/09486/009413/0017724/0017261/0016049/643/9920/8056/0005016/05928/0019054/16656/19705/0008622/0012884/001738/003861/0011917/19172/0011104/12008/0012314/0011991/011428/1867/14677/0011897/05818/4719/657/0016678/0011575/07953/007455/05862/017965/010856/5553/0006359/18774/17917/010138/9073/013771/8916/0013020/04233/14331/012912/10300/7084/19407/16359/007117/9743/10214/016812/07996/10538/007353/0010598/005073/16162/0633/15459/0019801/12306/0002253/011692/0475/0016387/5686/18225/019727/0010473/6886/0019927/16721/03363/0003478/013362/18570/0014831/6570/158/17922/7628/4314/8061/6061/19199/18187/010505"
145,"02930/012656/014824/9767/1804/5853/0009329/7272/06901/0010395/0019072/014818/0013100/0005569/2165/16398/0009132/1152/1883/007452/04894/000931/5461/1973/15761/16748/2844/0018902/0001971/0012002/0017700/613/2726/7962/0010814/3103/03979/011011/11545/017462/7163/3080/11747/0002479/17260/00117/7523/10613/19471/8562/18900/11175/9959/13350/13742/0002686/13960/16187/12220/15404/1986/4012/10980/4199/8130/003108/16138/03689/011114/7008/2841/9963/10618/06407/4780/10244/15617/00339/12173/017660/9476/0011463/3606/07004/0014945/05501/4468/16330/002153/06788/6732/005436/09096/9493/6125/0019185/13231/0016441/017051/13261/4649/0017941/12854/03204/0012230/10386/6266/013416/16039/8405/11260/4942/00832/10684/7169/19368/009078/004009/03567/012932"
146,"02639/2624/1620/8342/3987/7554/018906/9575/15320/8811/000907/12561/0017974/014195/7838/894/8449/2361/09026/16628/013612/0014996/012525/0013685/01373/0012499/10188/0018450/15265/11220/624/0013586/11671/002354/16753/10381/16207/008151/0012427/6552/1372/13164/18299/15293/019777/11712/11004/19682/9946/13117/8294/19483/002801/11368/0014461/003562/013384/13220/278/608/0011809/009253/5325/7547/0017175/0006661/001511/13751/013083/17154/008687/002382/18845/004583/013216/004169/0010971/010348/012090/04229/5910/017499/13892/015894/4994/1797/6577/6669/2955/016817/1122/0015327/6403/019401/0011892/9025/012742/6277/10640/7815/3649/01699/7597/001850/002824/4350/11271/013621/0015901/10546/0018111/0004008/007403/001069/011936/2552/12569/16596/19815/007160"
147,"8079/002481/10647/8540/0017308/18422/12054/12985/003556/015854/17221/5256/0006151/13802/0015664/14002/2978/008712/9110/12944/256/3577/9975/04406/18611/1462/14697/6484/0017589/001790/15470/012082/3479/06956/0014354/923/0019460/015195/12151/0004184/12983/7190/001846/0939/014187/09333/9220/01058/0011293/7191/7419/016156/010627/0005722/3809/15425/5109/2092/18138/12947/11127/007744/16845/5406/0011322/15539/5139/07885/0010536/5521/008635/002367/13258/0019893/0016214/13546/56/0013222/17277/0011023/18758/6016/001619/013595/11705/4573/7914/19847/19328/0010440/018677/15882/4386/0018707/3235/17826/0007148/16452/8856/0006086/11688/0003337/0016481/010916/4726/0018146/07367/010125/16601/15814/4031/13943/9178/15939/19125/02990/002298/006756/13168/16377"
148,"18953/164/13795/10426/03311/009325/13004/16395/3434/8637/14217/3459/04084/017729/01521/9780/3921/02155/0004092/003540/0010658/9195/1299/008392/4688/00108/19912/004560/018894/15777/0007893/0018081/2882/5254/003955/6450/864/0013358/3814/12547/0010962/019469/16170/12796/18971/0003098/08255/14138/015458/19598/18997/00312/00481/005408/09263/01571/006418/802/009781/11835/0014564/011878/19713/8847/18700/5919/371/11395/0010371/010510/8396/15960/017852/9852/04982/9464/003255/14463/07443/734/1627/9976/0018203/019719/18049/11909/19238/1686/1922/0019635/17177/11512/3871/018282/0019461/05960/005400/6871/006974/0010681/18334/7197/18499/015300/6975/0434/9887/6187/12532/6714/8560/18476/776/9056/000780/6908/8184/2618/0017054/0149"
149,"0013320/0009044/00404/1112/0014178/16700/9243/5758/6031/5396/15201/6594/017854/006923/11213/04741/8227/13912/003949/8418/16832/012035/19214/16430/16449/16943/10153/03268/0005787/001715/3075/6858/0017495/004887/9000/0007987/001293/018369/18620/1049/012147/16436/01051/004305/13995/08697/3042/15113/002362/15797/0012734/08888/2192/8320/7899/012083/0014214/19137/10420/8247/1433/14795/7729/005213/17712/0010813/11755/9240/015965/11762/05421/3299/006391/0004493/5161/6721/016135/6247/013827/10242/5250/18175/017109/11420/1320/16987/6828/10522/19192/1138/15659/0012016/0016944/0004620/12308/3813/0254/0104/0009813/15867/03411/5920/013556/9544/05172/06248/2527/3839/0018249/16971/001714/9370/16519/013145/10922/0010776/5551/7178/06157/257"
150,"623/04057/18236/06149/5391/877/015877/14665/018043/17550/1375/12298/5086/09823/5295/000090/011850/0013558/0018001/10716/16540/0013029/02173/00723/1597/0005622/0013328/6096/3371/009874/15857/17133/1730/17930/0166/4598/16073/5633/11379/014079/3361/14799/13918/2271/015724/18628/03953/6909/6100/804/1131/7031/7792/2453/8674/960/017638/0019845/6680/16148/8084/06804/01931/01284/1578/0002265/008041/002052/005868/13588/0012835/16351/8666/13279/5324/10976/10497/03197/0019525/9514/19735/0015117/0011483/09319/0019144/05259/17395/19411/3802/3025/0010162/7913/3095/9861/10899/1723/0015727/14398/11077/005800/0013868/9101/13727/12903/2074/7287/016780/007494/18950/013155/06806/013334/19363/009746/02923/02371/8579/014713/009335/6870"
151,"006500/2688/019301/1803/14696/3106/013832/015084/9179/3980/17789/3460/007767/018929/8997/018244/7253/10041/0005179/16935/0019539/16841/01351/05899/2314/003524/15538/06550/07511/019256/2947/004993/5433/1990/8369/8932/0019669/0011631/017542/17574/017157/0019502/2093/04855/012584/017457/011106/4835/12842/18542/000860/005785/19271/08156/013932/8362/9491/2684/15051/400/9331/05512/12469/09629/0016526/0002202/4285/19148/2646/14691/6701/07126/12901/0011161/010288/15494/12749/19535/19243/09581/07159/09611/0010241/7048/8080/016809/16580/17440/0012465/0015886/646/11573/09825/8463/0019025/014315/15128/679/07045/0000888/8244/012249/03510/13929/644/17695/0007469/7329/0010924/2656/17171/17996/12421/14586/10797/2736/2613/0010579/0018502/11553"
152,"0634/128/17838/015012/666/7646/8606/0016240/0012494/12009/0018084/0017554/11791/010374/12992/15822/12850/1235/015772/7432/18250/0018954/2462/007110/3740/18004/0007812/15196/0014332/16458/12885/15570/10707/0004567/0003652/18668/6775/006465/6846/06447/00977/012686/001577/14687/15294/4959/18860/15513/8564/0007774/000070/0014375/11841/0007846/19573/13370/0005916/11812/0013559/4639/005059/02563/10446/0004213/9213/014257/16648/8509/015011/18689/14083/0010282/19277/15520/016042/018760/1859/018024/014339/04488/15950/02797/13753/009123/1329/11491/008505/19403/3790/4785/005585/17099/08967/10576/18928/6507/0019657/2364/0001281/00729/0004709/0016878/006601/11253/001866/005049/7414/0011072/8027/02581/11098/017492/07149/0014622/5042/9627/0010239/3263/6394/0019412"
153,"0016735/016626/0017039/14918/11738/2916/0016400/11655/0009752/007861/0018325/0017694/016231/1382/2045/8287/393/003753/008394/10147/0017094/04717/11590/176/9080/12268/014639/00926/8267/060/5783/4779/14106/14990/6095/8740/0015850/0384/6627/000929/4258/16581/06848/006624/003473/7896/0012398/0018491/13513/11327/18333/2294/9509/000199/5887/898/4098/15217/12535/10949/05329/18379/04499/6345/017835/7527/001126/8964/4988/0013200/7393/17882/0018178/13649/0006716/10481/18385/3161/10868/14930/12580/006140/9369/0000379/9868/10517/012024/005682/9489/0013764/8289/15778/0017227/5651/2785/005973/17006/330/17636/013275/002565/16344/016742/005739/19159/582/016298/010127/7183/02635/7667/007164/10245/010847/0013467/008140/018327/07588/005582/015393"
154,"14104/07199/10937/0010852/0011562/19906/15122/1113/1034/3664/03026/6469/18050/0006525/11450/17637/19098/445/53/0002730/12348/04789/0004783/4054/3930/002169/010501/6794/08716/18715/005593/10327/0010514/5047/014991/7271/016370/01945/10011/6891/15963/19217/12689/018582/8974/9428/01906/0012671/0015180/10875/016793/12242/9386/10156/002828/1081/0016308/19627/016781/6883/15364/0017533/4955/9478/6186/4289/3858/14885/8211/0011716/11013/0012277/5379/015923/3578/852/2340/12683/8989/2746/0000170/7558/03465/010387/0012621/17285/10425/15092/17784/002653/0001930/019117/8719/9649/0015677/14280/0001399/11744/018348/2523/014965/9041/16577/07750/0017746/0009360/12106/5563/004910/017672/012174/12973/9244/7500/014651/07341/0001624/07763/2826/010303"
155,"15177/18594/750/3471/8208/011557/18588/10079/04140/0001461/3386/19798/6072/16260/014084/15650/16255/10353/05864/2356/12317/1171/000839/0013527/7332/267/17967/0013508/16348/8515/3211/06603/0005291/009349/07551/6221/06917/9406/016316/0005322/4624/17316/19096/0001510/10628/1297/0011560/0014841/0008259/16627/9071/1896/010191/16168/14775/18457/17653/0012368/03857/14519/8521/002871/08494/3358/11482/0001374/13691/12511/014405/5136/18778/3877/7173/0017926/16397/018185/0018537/18468/0005186/1265/17001/18211/2110/14378/17528/749/015562/4292/0001613/5316/005954/8720/3355/18629/1765/5445/02402/7354/15871/4638/0018447/013775/11517/4395/012385/9219/2615/3105/00978/1385/14804/16154/6020/16913/14389/10987/004168/7797/13570/4640"
156,"5799/1349/09870/6565/7464/0017248/11772/0012098/05780/17009/0019938/7707/004162/13090/11868/00934/018896/0009896/17635/10268/8745/11681/009137/18646/16919/0006922/18530/12461/4180/014096/14139/009762/016563/6981/17677/015162/14536/0002724/8593/12744/001728/3610/19574/07375/5821/0012611/8966/11190/05091/02212/1298/3534/019871/0003452/15961/011338/0015681/011771/013454/4896/016827/013018/19097/3295/698/1109/1926/12620/18085/0012630/016273/15066/0018518/13213/189/11627/14474/06782/0016310/0003114/16939/0017676/12464/14485/4948/14983/016200/0348/009064/4194/0016557/0017616/2432/0018541/02201/14700/14445/0019648/05773/12661/013789/010319/018877/14554/19600/15907/16399/5317/009130/13638/15086/0003304/11461/7487/05729/6888/0015565/0010699/011863/008558"
157,"017501/14682/654/011641/0001722/14636/03748/04562/3429/6482/10495/13537/6327/011524/018957/1288/2997/800/15592/008536/019070/10566/6535/9603/000501/9125/0006453/00618/4574/015676/6341/018153/03962/2021/2779/3438/6379/018610/008873/015057/9237/16576/0013726/1537/0000349/005492/16180/003816/007355/3618/006294/0014032/3663/8446/006875/15971/19333/017313/09832/004631/0013904/715/8852/04454/13321/0172/03059/4986/0019932/0018801/0013658/3519/002968/557/5741/751/130/1557/03155/11076/11875/16565/0015872/40/02249/14039/19517/08055/0017704/008903/017804/015715/3356/12168/01482/12946/2039/0016506/011926/19151/9229/0013477/10181/0015197/10082/19299/7738/02740/3041/8131/7713/18167/04902/3591/009197/07970/13462/3083/19136/10211"
158,"0006772/12034/16479/9042/11898/0015433/1861/18461/0011105/4723/17620/16194/002823/012123/9258/0016836/0018239/00681/013492/0017354/5676/011693/02329/017782/790/008979/1626/7574/8336/6874/14209/0004992/13333/06650/2770/08363/015174/17203/5720/016511/16936/12960/6894/19960/0003734/07047/0008608/10621/0005610/003439/6433/0017798/015243/0004674/0006442/0007450/02962/0014588/12872/3604/019441/5719/9738/9225/0013864/940/0930/2976/0013309/0001923/9321/19865/15400/12502/1219/0019562/280/0014986/06704/19326/19246/19978/0007397/4913/2929/8842/008747/0006442/0008419/0015665/14678/0015758/2292/0014045/3168/11626/0012086/07315/13180/1445/06004/1164/01118/010218/8586/0019467/01271/19628/019671/17112/9277/0009271/005866/11619/0005234/011184/017082/015643/003216/18257"
159,"4706/013917/06458/11876/12202/3379/17145/010437/0019073/3969/17152/003888/1496/07657/016523/10663/15313/0001419/19543/10534/18581/2577/0019252/9497/005831/13264/008497/18865/11417/12799/0017197/15302/05003/0016161/16884/12857/015175/14107/0013593/002293/2695/11457/05330/12255/2324/11333/18413/68/13251/15753/9978/7920/0011194/0002662/002751/003964/004634/012638/17020/10606/292/96/007891/849/12332/2405/0014285/18326/0008783/0011162/11542/5286/0003529/2981/14542/009682/0014611/005816/15357/013409/12883/01610/17753/001911/13034/6761/0019983/14060/0015474/8715/008337/12924/16847/10089/0017800/0019160/0010930/15921/9617/015490/16860/02425/18057/6866/2034/11857/5904/0002102/0001002/0014967/014906/13367/007850/18509/4298/012297/0018764/003047/11813/13637"
160,"012586/08986/004235/0016354/6181/0015827/10060/15896/0013221/240/18412/12992/4901/7172/03718/008268/20000/8647/14601/0018349/0016326/007347/4921/8019/0019482/0011745/011284/7059/19169/0778/3695/007293/003997/0018687/5302/0009715/2637/05936/5599/002188/012177/18748/17406/12861/9301/0012751/001207/5167/2789/7398/013972/0008222/5560/5523/19012/13050/0010119/12650/5214/15108/14353/19869/6628/15375/6662/16838/6377/15185/13600/11670/16972/0016814/0017756/10275/0013235/0009456/0018047/08909/0014654/16448/001796/01693/12877/02749/0005814/3172/016621/0012568/10784/2149/014675/018020/05979/6631/16796/3290/8170/18956/0012540/12952/17181/04170/04950/4547/3603/7237/0011907/17689/9955/12720/011995/0011967/015493/5487/15276/12814/1066/12234/003991/4027"
161,"005494/7478/3292/14288/0552/017738/0018618/0019523/3521/018273/0011409/02059/17536/8277/03952/014531/014813/0008145/0010180/01513/13768/0015344/15137/4692/0013634/11759/008020/06539/5469/17453/0019057/5988/013336/018255/18842/12181/4803/09597/17497/11729/4580/3072/3807/04847/16045/019183/0001169/10220/07090/9837/13740/11391/018342/474/001238/3511/16141/10578/4037/0016525/0011019/0010271/014304/0015028/15208/10830/0015054/19165/0012323/10044/9811/6854/1354/019813/0004517/05948/0005612/014157/11111/017703/12080/13624/19736/0013699/10385/0019107/3983/003566/14951/3420/003315/000239/13193/0012154/0014787/13607/06688/07333/011629/012047/008250/011211/18030/0003260/0003818/0019944/019679/0006039/008750/922/0003485/2700/10235/9261/005174/7966/19354/1467/006856/0001255"
162,"3051/011171/19274/05547/4491/10728/10541/010363/0011134/011731/07247/018390/0005018/007445/5076/18656/011246/11062/0009054/12038/0013042/19691/3536/16103/09678/18120/017598/7359/00538/008410/16478/000936/7530/19641/9247/013025/002299/615/10870/8987/9733/06687/10186/0433/6813/7288/0001295/831/15811/04048/10933/016573/3681/15718/0016568/0008295/016697/1869/002108/13719/000632/002838/0013006/7983/3423/016756/003581/6495/0000548/002921/016527/4041/017008/012185/11389/12441/0010917/17299/009471/003316/7545/0006165/13431/003074/0014286/2654/13911/004185/06818/00771/0012040/06112/14966/6180/15743/008054/015354/10226/0008395/19724/11378/11554/0002026/014934/00995/0019941/02484/0007972/9876/11696/0005416/011256/17709/15333/11252/18266/10134/8830/8298/7416"
163,"0906/10326/004173/08944/0805/5627/0012162/12717/015980/4524/02378/0011952/7278/0012081/3582/8638/03922/14995/07780/8044/12251/010255/16005/9506/17946/7415/17721/6268/0012343/3679/017630/0012416/4607/13689/004545/08381/656/15913/06102/14865/0014527/0014028/02515/01490/9853/017022/8309/5339/8254/12716/010113/0015938/18427/15639/0019495/8492/469/0018901/15557/0014046/18417/09347/01762/13850/007902/4106/17047/06049/4294/0008066/6936/9417/10837/013505/7283/10583/09731/6189/018543/17364/9923/0013654/0007683/18634/10755/009097/8650/0019859/0017560/018533/1036/0908/004863/3314/15709/12701/002236/13924/18361/01524/0001428/03551/07982/3873/0019878/82/0015870/3300/5614/0006074/7331/2404/4182/0011317/13971/05465/10995/0007870/12345/18165"
164,"0017527/19961/1581/016768/09210/3486/015837/0014572/01395/2393/0018563/2399/14256/7543/988/0008450/06767/06348/18974/015361/13105/7881/1665/013810/4325/0015006/05019/0015430/7151/17341/0011351/6556/14293/0011775/19555/10911/18985/6686/19936/13630/003032/02549/0019034/5535/13233/0019512/14798/15839/7802/04844/0012968/0014592/14881/0013821/17000/08516/2457/016730/02445/3944/11581/003101/7371/011380/10033/02197/03409/0014689/08583/11235/00596/8681/5340/001014/05397/0006531/000209/19879/13542/3270/016969/014330/1175/5476/02403/0018301/186/08867/9085/00396/468/2750/6738/405/002250/0014496/0006821/12976/15432/0015604/19135/13669/07418/02078/6136/4972/290/0015622/0015680/04249/8959/15865/0002973/0014977/007794/479/5321/10969/013115/0013485"
165,"6545/08372/8485/0006260/15660/007404/1600/18780/0010725/03256/0014740/0010321/1617/0018880/006557/184/0018089/17276/18481/12979/18724/1989/01530/10518/3192/5152/02586/009577/6844/0009927/0014344/0015828/5828/009510/14621/18117/0012237/3348/00846/10018/16491/010787/0017969/0011419/3966/009859/4409/17876/004215/0018473/0018967/7439/0006308/09356/13670/019995/498/9208/6921/5156/005667/19581/11335/3472/719/012698/8271/15890/10038/8996/004889/00722/0015052/06851/2616/7380/1769/0004256/1262/5331/0018917/0015336/0012046/18607/015785/12573/6907/04472/4756/3799/013599/003504/8578/001357/10998/6843/0017858/10443/12582/5305/012750/4326/2858/0815/09115/016355/0004879/04349/3872/0002628/0018051/13236/09526/4399/4511/0015192/11518/8467/2256/19520"
166,"7143/0013944/0012233/17840/1230/16586/10511/01932/0018602/8963/2262/0017218/0018144/0018784/10398/14962/8970/10174/0009865/14549/0007793/08036/08234/15657/0010184/0016084/16114/2949/6094/06176/507/7649/0013945/138/4237/9790/9052/11299/13796/0018434/2080/015817/4263/013877/0013963/9067/19590/0008496/16313/08441/011272/17736/011249/11119/0005263/0019221/8682/13315/006194/16994/0011986/0456/3234/12285/13047/04339/013140/0015322/016278/002936/0005060/0006454/2663/0010963/04652/0013939/00572/3467/1346/1028/12892/18948/17843/0017983/9231/4822/5813/18624/10838/04967/01741/13825/17202/6265/00744/7702/7598/7109/011109/11279/017566/02966/16777/0017511/04685/0010504/0019803/17247/014179/12917/2877/13069/10278/17138/9346/4720/006251/06032/12588/13678"
167,"04646/7150/000258/5619/0010616/08338/8667/03560/11394/08038/969/8416/06461/0016095/5110/0017088/10811/0016545/0002607/14121/0013519/0006434/09133/0546/017360/14352/0005771/0001809/004185/0018721/0015044/10881/3885/002679/17505/18119/9050/7567/6421/0005970/18256/08571/12583/0009641/12117/14395/0019231/11259/0007678/010452/11274/1041/010223/016169/7024/17951/009725/07270/4414/04710/0010272/0016489/3563/018339/004885/0011520/012954/5245/002802/007566/11985/0019920/0016439/13700/13773/7993/004722/004661/0005434/02342/0012833/002874/016655/11617/08223/18060/13724/1638/00964/5616/12006/10542/1192"
